iteration,live_cells,dead_cells,duration_ms
1,7,14,4.0388999914284796
2,7,14,3.3292000007349998
3,9,7,3.2682999735698104
4,9,19,3.0923000012990087
5,9,23,2.8000999882351607
6,9,19,2.634600008605048
7,9,23,2.5787999911699444
8,9,19,2.32910001068376
9,9,23,2.3458999930880964
10,9,19,2.339300001040101
11,9,23,2.7664999943226576
12,9,19,3.6518000124488026
13,9,23,5.653300002450123
14,9,19,4.2489999905228615
15,9,23,4.6249000006355345
16,9,19,4.038600018247962
17,9,23,3.6783000105060637
18,9,19,3.721899993252009
19,9,23,3.406100004212931
20,9,19,2.6498999795876443
21,9,23,2.5889000098686665
22,9,19,2.584500005468726
23,9,23,2.4047000042628497
24,9,19,2.761600015219301
25,9,23,3.2851999858394265
26,9,19,2.74100000387989
27,9,23,3.210100025171414
28,9,19,2.527800010284409
29,9,23,2.6485999987926334
30,9,19,2.3711999820079654
31,9,23,2.369699999690056
32,9,19,2.2510999988298863
33,9,23,2.450400002999231
34,9,19,2.511800004867837
35,9,23,3.0929999775253236
36,9,19,2.6686000055633485
37,9,23,2.680400008102879
38,9,19,2.8295000083744526
39,9,23,3.43879999127239
40,9,19,2.4757000210229307
41,9,23,3.156099992338568
42,9,19,2.578999992692843
43,9,23,2.601300016976893
44,9,19,2.6305000064894557
45,9,23,2.5784999888855964
46,9,19,2.2680000110995024
47,9,23,3.072699997574091
48,9,19,2.425600017886609
49,9,23,2.362700004596263
50,9,19,2.209800004493445
51,9,23,2.256299980217591
52,9,19,2.286799979628995
53,9,23,2.4876999959815294
54,9,19,3.0556000128854066
55,9,23,3.41059998027049
56,9,19,3.0337999924086034
57,9,23,2.654000010807067
58,9,19,3.263499995227903
59,9,23,3.2033999741543084
60,9,19,3.016100003151223
61,9,23,2.355500007979572
62,9,19,2.332899981411174
63,9,23,2.351200004341081
64,9,19,2.899400016758591
65,9,23,2.90250001125969
66,9,19,2.8503999928943813
67,9,23,2.3709999804850668
68,9,19,2.295699989190325
69,9,23,3.0544000037480146
70,9,19,3.060199989704415
71,9,23,2.9027999844402075
72,9,19,3.4693999914452434
73,9,23,3.312300017569214
74,9,19,3.109699988272041
75,9,23,2.822699985699728
76,9,19,4.271800018614158
77,9,23,3.3939000277314335
78,9,19,4.767100006574765
79,9,23,4.658400022890419
80,9,19,5.13079998199828
81,9,23,23.224800010211766
82,9,19,5.129600001964718
83,9,23,4.6245999983511865
84,9,19,4.289000004064292
85,9,23,3.863399993861094
86,9,19,3.8997000083327293
87,9,23,3.6010000039823353
88,9,19,3.9800000085961074
89,9,23,3.87879999470897
90,9,19,3.7757000245619565
91,9,23,4.482399992411956
92,9,19,3.7970999837853014
93,9,23,3.261300007579848
94,9,19,3.3226000086870044
95,9,23,2.8281000268179923
96,9,19,3.3273999870289117
97,9,23,3.8883000088389963
98,9,19,3.1839000002946705
99,9,23,3.796699980739504
100,9,19,3.4784999734256417
101,9,23,3.2967999868560582
102,9,19,2.400800003670156
103,9,23,2.6313000125810504
104,9,19,3.2624999876134098
105,9,23,3.555100003723055
106,9,19,3.960599977290258
107,9,23,3.3903999719768763
108,9,19,2.567800023825839
109,9,23,2.388799999607727
110,9,19,2.3706000065431
111,9,23,2.3065000132191926
112,9,19,2.3976000084076077
113,9,23,2.373399998759851
114,9,19,2.233899984275922
115,9,23,2.310000010766089
116,9,19,2.26239999756217
117,9,23,2.3671000089962035
118,9,19,2.3068999871611595
119,9,23,2.414500020677224
120,9,19,2.234399988083169
121,9,23,2.308499999344349
122,9,19,2.1917000121902674
123,9,23,2.329400012968108
124,9,19,2.216100023360923
125,9,23,2.617399994051084
126,9,19,2.5215000205207616
127,9,23,3.0282999796327204
128,9,19,3.508099995087832
129,9,23,3.215799981262535
130,9,19,3.349200007505715
131,9,23,2.760400006081909
132,9,19,4.141399986110628
133,9,23,3.038900002138689
134,9,19,2.5650000025052577
135,9,23,3.009300009580329
136,9,19,2.9968000017106533
137,9,23,2.853099984349683
138,9,19,2.7467999898362905
139,9,23,3.040400013560429
140,9,19,3.071499988436699
141,9,23,3.1498000025749207
142,9,19,3.1746999884489924
143,9,23,3.4051999973598868
144,9,19,2.677499986020848
145,9,23,3.266799991251901
146,9,19,2.530300000216812
147,9,23,2.661400008946657
148,9,19,3.306500002508983
149,9,23,2.8851999959442765
150,9,19,2.861900022253394
151,9,23,2.8953000146429986
152,9,19,3.454799996688962
153,9,23,3.357099980348721
154,9,19,3.394500003196299
155,9,23,2.9677999846171588
156,9,19,2.7179000026080757
157,9,23,3.1826999911572784
158,9,19,2.8737999964505434
159,9,23,4.6027000062167645
160,9,19,3.0273000011220574
161,9,23,2.6439000212121755
162,9,19,2.650800015544519
163,9,23,2.9975000070407987
164,9,19,2.5239000096917152
165,9,23,2.4012000067159534
166,9,19,2.4012000067159534
167,9,23,2.357999997911975
168,9,19,2.3674999829381704
169,9,23,2.3938000085763633
170,9,19,2.2228999878279865
171,9,23,2.643599989823997
172,9,19,2.324500004760921
173,9,23,2.435900009004399
174,9,19,2.358099998673424
175,9,23,2.378600009251386
176,9,19,2.311899996129796
177,9,23,2.3994999937713146
178,9,19,2.2908000100869685
179,9,23,3.309299994725734
180,9,19,4.354100005002692
181,9,23,4.68040001578629
182,9,19,4.260799993062392
183,9,23,4.346000001532957
184,9,19,4.086100001586601
185,9,23,3.526499989675358
186,9,19,3.427099989494309
187,9,23,3.192400006810203
188,9,19,3.538600023603067
189,9,23,2.700400014873594
190,9,19,2.966500003822148
191,9,23,2.9267000209074467
192,9,19,2.5966000102926046
193,9,23,2.912700001616031
194,9,19,2.428100007819012
195,9,23,2.4070999934338033
196,9,19,2.438099996652454
197,9,23,3.229500027373433
198,9,19,2.8945999802090228
199,9,23,2.8298999823164195
200,9,19,3.071799990721047
201,9,23,2.6485999987926334
202,9,19,3.0759000219404697
203,9,23,3.1365999893750995
204,9,19,3.0549000075552613
205,9,23,2.8192000172566622
206,9,19,2.888000017264858
207,9,23,3.350599989062175
208,9,19,2.9937000072095543
209,9,23,3.2783000206109136
210,9,19,2.812999999150634
211,9,23,2.81060000997968
212,9,19,2.8615999908652157
213,9,23,2.9937000072095543
214,9,19,3.0402000120375305
215,9,23,3.353200008859858
216,9,19,2.7129999944008887
217,9,23,3.184300003340468
218,9,19,2.9937000072095543
219,9,23,3.3523999736644328
220,9,19,3.5568999883253127
221,9,23,2.886800008127466
222,9,19,3.213299991330132
223,9,23,2.8282999992370605
224,9,19,2.7325999981258065
225,9,23,4.041500011226162
226,9,19,3.062099975068122
227,9,23,3.434499987633899
228,9,19,3.3785999985411763
229,9,23,3.1461000035051256
230,9,19,3.5337999870534986
231,9,23,3.540699981385842
232,9,19,3.015800000866875
233,9,23,3.1294999935198575
234,9,19,2.6064999983645976
235,9,23,3.5088000004179776
236,9,19,2.726800012169406
237,9,23,2.8386999911163002
238,9,19,2.4161000037565827
239,9,23,2.307299990206957
240,9,19,2.428200008580461
241,9,23,2.752400003373623
242,9,19,3.00470000365749
243,9,23,2.6858999917749316
244,9,19,2.305100002558902
245,9,23,2.4172000121325254
246,9,19,2.339900005608797
247,9,23,2.6655999827198684
248,9,19,2.651599992532283
249,9,23,2.453699999023229
250,9,19,2.2410000092349946
251,9,23,2.410300017800182
252,9,19,2.4059999850578606
253,9,23,2.471899992087856
254,9,19,2.370700007304549
255,9,23,2.439200005028397
256,9,19,2.374600007897243
257,9,23,2.522900002077222
258,9,19,2.3763999924995005
259,9,23,2.3210000072140247
260,9,19,2.862900000764057
261,9,23,2.782299998216331
262,9,19,2.644499996677041
263,9,23,2.6433000166434795
264,9,19,2.7470000204630196
265,9,23,2.842899993993342
266,9,19,2.740399999311194
267,9,23,2.590999996755272
268,9,19,2.838500018697232
269,9,23,3.2998000096995384
270,9,19,3.176099999109283
271,9,23,3.3730999857652932
272,9,19,3.6029999901074916
273,9,23,3.629700018791482
274,9,19,3.01799998851493
275,9,23,3.108700009761378
276,9,19,2.841199981048703
277,9,23,3.513999981805682
278,9,19,3.8727000064682215
279,9,23,3.4697999944910407
280,9,19,3.0263999942690134
281,9,23,3.2529000018257648
282,9,19,3.395700012333691
283,9,23,2.949800022179261
284,9,19,4.593899997416884
285,9,23,5.709400022169575
286,9,19,4.2178000148851424
287,9,23,4.321300017181784
288,9,19,3.6396999785210937
289,9,23,4.308100003981963
290,9,19,4.965499974787235
291,9,23,4.355000011855736
292,9,19,4.411699977936223
293,9,23,3.8234000094234943
294,9,19,4.918000020552427
295,9,23,4.407000000355765
296,9,19,4.125199979171157
297,9,23,4.05370001681149
298,9,19,3.995800012489781
299,9,23,2.9611000209115446
300,9,19,2.7639000036288053
301,9,23,2.4588000087533146
302,9,19,2.483700023731217
303,9,23,2.721400000154972
304,9,19,2.587299997685477
305,9,23,2.4215999874286354
306,9,19,2.321499981917441
307,9,23,2.398000011453405
308,9,19,2.373399998759851
309,9,23,2.4070999934338033
310,9,19,2.3563000140711665
311,9,23,2.2560000070370734
312,9,19,2.2327000042423606
313,9,23,2.370900008827448
314,9,19,2.271900011692196
315,9,23,2.314699988346547
316,9,19,2.287000010255724
317,9,23,2.497700013918802
318,9,19,2.2438999731093645
319,9,23,2.3720000172033906
320,9,19,2.285800001118332
321,9,23,2.4770000018179417
322,9,19,2.311899996129796
323,9,23,2.373199997236952
324,9,19,2.6326999941375107
325,9,23,2.2729999909643084
326,9,19,2.2604999830946326
327,9,23,2.3683000181335956
328,9,19,2.230600017355755
329,9,23,2.3247000062838197
330,9,19,2.5123000086750835
331,9,23,2.7655999874696136
332,9,19,2.4037999974098057
333,9,23,2.5451999972574413
334,9,19,2.5482000201009214
335,9,23,2.745900012087077
336,9,19,2.7258999762125313
337,9,23,3.1909999961499125
338,9,19,3.0589000089094043
339,9,23,2.9952000186312944
340,9,19,2.743599994573742
341,9,23,3.4715000074356794
342,9,19,3.279099997598678
343,9,23,3.6278000043239444
344,9,19,3.1079000036697835
345,9,23,2.768700011074543
346,9,19,2.9814000008627772
347,9,23,4.023899993626401
348,9,19,3.1815999827813357
349,9,23,2.9112000192981213
350,9,19,3.0306999979075044
351,9,23,2.9590000049211085
352,9,19,3.2605000014882535
353,9,23,4.043799999635667
354,9,19,2.5559000205248594
355,9,23,2.6379000046290457
356,9,19,3.0919999990146607
357,9,23,2.6014000177383423
358,9,19,3.2515999919269234
359,9,23,2.802600007271394
360,9,19,2.6587999891489744
361,9,23,3.1535000016447157
362,9,19,3.3884999866131693
363,9,23,3.0067999905440956
364,9,19,3.341999981785193
365,9,23,2.7427000168245286
366,9,19,3.1700999825261533
367,9,23,3.027700004167855
368,9,19,2.426099992590025
369,9,23,2.570999989984557
370,9,19,2.6646999758668244
371,9,23,2.4265999963972718
372,9,19,2.4748999858275056
373,9,23,2.33650000882335
374,9,19,2.225100004579872
375,9,23,2.329199982341379
376,9,19,2.4591000110376626
377,9,23,2.5012000114656985
378,9,19,2.382999984547496
379,9,23,2.3809999984223396
380,9,19,2.351500006625429
381,9,23,2.3392000002786517
382,9,19,2.3499999952036887
383,9,23,2.378600009251386
384,9,19,2.225599979283288
385,9,23,2.394699986325577
386,9,19,2.242600021418184
387,9,23,2.3373000149149448
388,9,19,2.157700015231967
389,9,23,2.3441000084858388
390,9,19,2.3713000118732452
391,9,23,2.366400003666058
392,9,19,2.344200009247288
393,9,23,2.363999985391274
394,9,19,2.2396999993361533
395,9,23,2.2711000056006014
396,9,19,2.257400017697364
397,9,23,2.3640000144951046
398,9,19,2.3836000182200223
399,9,23,2.3784000077284873
400,9,19,2.271600009407848
401,9,23,2.3112999915611
402,9,19,2.190700004575774
403,9,23,2.3290999815799296
404,9,19,2.618699974846095
405,9,23,2.726999984588474
406,9,19,2.349000016693026
407,9,23,2.4636000161990523
408,9,19,2.4370999890379608
409,9,23,2.4677999899722636
410,9,19,2.6228999777231365
411,9,23,3.4088999964296818
412,9,19,2.700799988815561
413,9,23,2.818300010403618
414,9,19,3.0860999831929803
415,9,23,3.0227999959606677
416,9,19,2.8587999986484647
417,9,23,3.1018999870866537
418,9,19,2.5335999962408096
419,9,23,2.711800014367327
420,9,19,2.4286000116262585
421,9,23,3.467700007604435
422,9,19,3.9146999770309776
423,9,23,2.9137000092305243
424,9,19,2.571200020611286
425,9,23,2.8978000045754015
426,9,19,3.3509999921079725
427,9,23,2.897099999245256
428,9,19,3.1633999897167087
429,9,23,2.9149000183679163
430,9,19,2.783500007353723
431,9,23,3.089600009843707
432,9,19,3.0525999900419265
433,9,23,3.813499992247671
434,9,19,2.6338000025134534
435,9,23,2.9323000053409487
436,9,19,3.304900019429624
437,9,23,2.9869000136386603
438,9,19,3.2668000203557312
439,9,23,2.9792000132147223
440,9,19,2.723100013099611
441,9,23,3.6832999903708696
442,9,19,3.259199991589412
443,9,23,2.7717000048141927
444,9,19,2.7974999975413084
445,9,23,2.423300000373274
446,9,19,2.3127000022213906
447,9,23,2.5445999926887453
448,9,19,2.269499993417412
449,9,23,2.4030999920796603
450,9,19,2.451699983794242
451,9,23,2.5258000241592526
452,9,19,2.724799996940419
453,9,23,2.449499996146187
454,9,19,2.502999996067956
455,9,23,2.5325000169686973
456,9,19,2.7778999938163906
457,9,23,2.6242999883834273
458,9,19,2.432500012218952
459,9,23,2.549099997850135
460,9,19,2.5195999769493937
461,9,23,2.5121999788098037
462,9,19,2.60909998905845
463,9,23,2.7764999831561
464,9,19,2.4677999899722636
465,9,23,2.464100020006299
466,9,19,2.3327000089921057
467,9,23,2.309899980900809
468,9,19,2.648199995746836
469,9,23,2.346399996895343
470,9,19,2.752899978077039
471,9,23,2.8951000131201
472,9,19,2.463699987856671
473,9,23,2.272599987918511
474,9,19,2.2526999819092453
475,9,23,2.308800001628697
476,9,19,2.299999992828816
477,9,23,2.3082999978214502
478,9,19,3.5238999989815056
479,9,23,3.097300010267645
480,9,19,2.8688000165857375
481,9,23,3.3841000113170594
482,9,19,2.9121999978087842
483,9,23,3.0839999963063747
484,9,19,3.133299993351102
485,9,23,3.4313999931328
486,9,19,3.1641999958083034
487,9,23,5.70570002309978
488,9,19,3.762100008316338
489,9,23,3.64480001735501
490,9,19,3.891900007147342
491,9,23,5.5012000084389
492,9,19,4.098399978829548
493,9,23,3.8369999965652823
494,9,19,3.8483999960590154
495,9,23,4.651600000215694
496,9,19,3.9450000040233135
497,9,23,3.8653999799862504
498,9,19,4.602500004693866
499,9,23,4.095899988897145
500,9,19,3.8912000018171966
501,9,23,4.593399993609637
502,9,19,4.32919999002479
503,9,23,4.182900011073798
504,9,19,3.1869999947957695
505,9,23,3.213200019672513
506,9,19,3.6037999961990863
507,9,23,3.4382000158075243
508,9,19,3.3144000044558197
509,9,23,2.789999998640269
510,9,19,2.549099997850135
511,9,23,2.910999988671392
512,9,19,2.6422000082675368
513,9,23,2.9630999779328704
514,9,19,2.4772000033408403
515,9,23,2.356500015594065
516,9,19,2.52320000436157
517,9,23,2.9332999838516116
518,9,19,2.826599986292422
519,9,23,2.7765000122599304
520,9,19,2.8430999955162406
521,9,23,2.3355000012088567
522,9,19,2.4855999799910933
523,9,23,2.4135999847203493
524,9,19,2.211300015915185
525,9,23,2.318600018043071
526,9,19,2.290100004756823
527,9,23,2.2686999873258173
528,9,19,2.171900006942451
529,9,23,3.248699998948723
530,9,19,2.5569999997969717
531,9,23,2.5864999915938824
532,9,19,2.2810999944340438
533,9,23,2.271800010930747
534,9,19,2.2216999786905944
535,9,23,3.045999997993931
536,9,19,2.527999982703477
537,9,23,2.5858999870251864
538,9,19,2.499900001566857
539,9,23,2.5687999732326716
540,9,19,2.7929999923799187
541,9,23,2.4905999889597297
542,9,19,2.3973999777808785
543,9,23,2.4084000033326447
544,9,19,2.279300009831786
545,9,23,2.433199988445267
546,9,19,2.9694000259041786
547,9,23,3.0814000056125224
548,9,19,3.14689998049289
549,9,23,4.242000024532899
550,9,19,3.339799994137138
551,9,23,4.808300000149757
552,9,19,4.052399977808818
553,9,23,3.771900024730712
554,9,19,4.325399990193546
555,9,23,4.847100004553795
556,9,19,3.006599989021197
557,9,23,3.4416000125929713
558,9,19,2.8586000262293965
559,9,23,3.340099996421486
560,9,19,2.975700015667826
561,9,23,2.8809999930672348
562,9,19,2.585900016129017
563,9,23,2.7042000147048384
564,9,19,3.264300001319498
565,9,23,4.221199982566759
566,9,19,3.1287000165320933
567,9,23,3.595999995013699
568,9,19,2.9072000179439783
569,9,23,4.282500012777746
570,9,19,3.1864999909885228
571,9,23,3.1273000058718026
572,9,19,3.534900024533272
573,9,23,3.8497000059578568
574,9,19,3.8306000060401857
575,9,23,2.9975000070407987
576,9,19,3.391499980352819
577,9,23,3.1527999963145703
578,9,19,3.0150999955367297
579,9,23,2.7870999765582383
580,9,19,2.4868999898899347
581,9,23,2.4332999892067164
582,9,19,2.3111000191420317
583,9,23,2.391500020166859
584,9,19,2.361999999266118
585,9,23,2.366600005188957
586,9,19,2.5813999818637967
587,9,23,2.3776000016368926
588,9,19,2.2939000045880675
589,9,23,2.3234999971464276
590,9,19,2.3520000104326755
591,9,23,2.35280001652427
592,9,19,2.2271999914664775
593,9,23,2.4563999904785305
594,9,19,2.3037999926600605
595,9,23,2.3065999848768115
596,9,19,2.2535000171046704
597,9,23,2.623599983053282
598,9,19,2.3803999938536435
599,9,23,2.2947000106796622
600,9,19,2.254099992569536
601,9,23,2.4374000204261392
602,9,19,2.306499984115362
603,9,23,2.319899998838082
604,9,19,2.3695999989286065
605,9,23,2.2643000120297074
606,9,19,2.195999986724928
607,9,23,2.2709000040777028
608,9,19,2.4086000048555434
609,9,23,2.288199990289286
610,9,19,2.2228999878279865
611,9,23,2.6362999924458563
612,9,19,2.344200009247288
613,9,23,2.463099983287975
614,9,19,2.593600016552955
615,9,23,2.6262999745085835
616,9,19,2.428500010864809
617,9,23,2.6165999879594892
618,9,19,2.5981999933719635
619,9,23,2.7700999926310033
620,9,19,3.695399995194748
621,9,23,2.74840000201948
622,9,19,2.6599999982863665
623,9,23,2.811899990774691
624,9,19,2.4449999909847975
625,9,23,2.842299989424646
626,9,19,3.629400016507134
627,9,23,2.7991999813821167
628,9,19,2.7809999883174896
629,9,23,2.8778999985661358
630,9,19,2.955700008897111
631,9,23,3.2491000019945204
632,9,19,2.741499978583306
633,9,23,2.7886999887414277
634,9,19,2.7197999879717827
635,9,23,2.6440999936312437
636,9,19,3.185000008670613
637,9,23,3.045699995709583
638,9,19,3.2290999952238053
639,9,23,2.9501999961212277
640,9,19,2.4705999821890146
641,9,23,2.6205999893136322
642,9,19,3.597500006435439
643,9,23,2.989600005093962
644,9,19,2.4930000072345138
645,9,23,2.8452000115066767
646,9,19,2.5332999939564615
647,9,23,2.5295000232290477
648,9,19,3.528900007950142
649,9,23,3.124099981505424
650,9,19,3.185200010193512
651,9,23,2.6308000087738037
652,9,19,2.3052000033203512
653,9,23,2.3397000040858984
654,9,19,3.1759999983478338
655,9,23,2.8027000080328435
656,9,19,2.4902999866753817
657,9,23,2.415299997664988
658,9,19,2.3367999820038676
659,9,23,2.3877000203356147
660,9,19,2.7646999806165695
661,9,23,2.825100003974512
662,9,19,2.366300002904609
663,9,23,2.298799983691424
664,9,19,2.2081999923102558
665,9,23,2.321100007975474
666,9,19,2.3435000039171427
667,9,23,2.546499978052452
668,9,19,2.427600004011765
669,9,23,2.3465999984182417
670,9,19,2.23129999358207
671,9,23,2.3253000108525157
672,9,19,2.293099998496473
673,9,23,2.534300001570955
674,9,19,2.400800003670156
675,9,23,2.3465999984182417
676,9,19,2.1881000138819218
677,9,23,2.3957999947015196
678,9,19,2.276200015330687
679,9,23,2.736099995672703
680,9,19,2.3930000024847686
681,9,23,2.579899999545887
682,9,19,2.3675999836996198
683,9,23,2.424200007226318
684,9,19,2.3726999934297055
685,9,23,2.7006000163964927
686,9,19,2.7956000121776015
687,9,23,2.477499976521358
688,9,19,2.3169000050984323
689,9,23,2.294300007633865
690,9,19,2.429600019240752
691,9,23,2.510999998776242
692,9,19,2.6741999899968505
693,9,23,2.761600015219301
694,9,19,2.818500011926517
695,9,23,2.9941000102553517
696,9,19,3.101099980995059
697,9,23,3.4157000191044062
698,9,19,3.2534000056330115
699,9,23,4.605699999956414
700,9,19,3.969700017478317
701,9,23,3.775300021516159
702,9,19,3.6891000054311007
703,9,23,3.6585000052582473
704,9,19,3.3647000091150403
705,9,23,3.3131999953184277
706,9,19,2.853900019545108
707,9,23,3.229599999031052
708,9,19,4.162400000495836
709,9,23,3.2470999867655337
710,9,19,3.548999986378476
711,9,23,3.803600004175678
712,9,19,3.6914999946020544
713,9,23,4.824400006327778
714,9,19,3.097300010267645
715,9,23,3.387100005056709
716,9,19,4.0441999735776335
717,9,23,3.479900013189763
718,9,19,2.7791000029537827
719,9,23,2.8480000037234277
720,9,19,2.978800010168925
721,9,23,2.9786000086460263
722,9,19,3.2537000079173595
723,9,23,4.233599989674985
724,9,19,2.7135999989695847
725,9,23,2.8575999895110726
726,9,19,2.896399993915111
727,9,23,2.7837999805342406
728,9,19,2.713099995162338
729,9,23,2.6209999923594296
730,9,19,2.5476000155322254
731,9,23,2.536199986934662
732,9,19,2.4302999954670668
733,9,23,2.6670999941416085
734,9,19,3.212300012819469
735,9,23,2.795299980789423
736,9,19,2.3509000020567328
737,9,23,2.4720999936107546
738,9,19,2.9344999929890037
739,9,23,2.513699990231544
740,9,19,2.6510000170674175
741,9,23,2.693000016734004
742,9,19,2.4184999929275364
743,9,23,2.538300002925098
744,9,19,2.2855999995954335
745,9,23,2.3351999989245087
746,9,19,2.3098000092431903
747,9,23,2.375399984885007
748,9,19,2.3247000062838197
749,9,23,2.2683999850414693
750,9,19,2.3173000081442297
751,9,23,2.515500003937632
752,9,19,2.4335000198334455
753,9,23,2.35580001026392
754,9,19,2.246999996714294
755,9,23,2.3809999984223396
756,9,19,2.2203999978955835
757,9,23,2.3514000058639795
758,9,19,2.222799987066537
759,9,23,3.0528999923262745
760,9,19,2.4677999899722636
761,9,23,2.3709999804850668
762,9,19,2.5590999866835773
763,9,23,2.444299985654652
764,9,19,2.307200018549338
765,9,23,3.146800008835271
766,9,19,2.663499995833263
767,9,23,3.1162999803200364
768,9,19,2.9673000099137425
769,9,23,2.704199985601008
770,9,19,2.6024999970104545
771,9,23,3.3859999966807663
772,9,19,2.3846999974921346
773,9,23,3.04320000577718
774,9,19,2.5606999988667667
775,9,23,2.4773000041022897
776,9,19,2.4126999778673053
777,9,23,2.513699990231544
778,9,19,2.689000015379861
779,9,23,3.090500016696751
780,9,19,2.733400004217401
781,9,23,2.9685999907087535
782,9,19,2.798000001348555
783,9,23,2.588800009107217
784,9,19,2.8018000011797994
785,9,23,3.9960999856702983
786,9,19,3.3851000189315528
787,9,23,2.976699994178489
788,9,19,3.3414999779779464
789,9,23,2.527200005715713
790,9,19,3.489599999738857
791,9,23,3.084099997067824
792,9,19,2.6339000032749027
793,9,23,2.952100010588765
794,9,19,3.4685999853536487
795,9,23,2.9694999975617975
796,9,19,3.205699991667643
797,9,23,3.4829999785870314
798,9,19,2.674800023669377
799,9,23,2.6461000088602304
800,9,19,2.857099985703826
801,9,23,3.0593999836128205
802,9,19,2.330300019821152
803,9,23,2.358099998673424
804,9,19,2.1761999814771116
805,9,23,2.369699999690056
806,9,19,2.2182000102475286
807,9,23,2.36459998995997
808,9,19,2.4901999859139323
809,9,23,2.3759000177960843
810,9,19,2.2733999940101057
811,9,23,2.3056000063661486
812,9,19,2.2517000033985823
813,9,23,2.457700000377372
814,9,19,2.5117000041063875
815,9,23,2.352899988181889
816,9,19,2.282000001287088
817,9,23,2.3449999862350523
818,9,19,2.27870000526309
819,9,23,2.3776000016368926
820,9,19,2.3714000126346946
821,9,23,2.515600004699081
822,9,19,2.179099974455312
823,9,23,2.335900004254654
824,9,19,2.2996000188868493
825,9,23,2.36459998995997
826,9,19,2.245400013634935
827,9,23,2.4927000049501657
828,9,19,2.3234999971464276
829,9,23,2.271900011692196
830,9,19,2.290700009325519
831,9,23,2.4135999847203493
832,9,19,2.3025999835226685
833,9,23,2.383399987593293
834,9,19,2.3231999948620796
835,9,23,2.404500002739951
836,9,19,2.248899982078001
837,9,23,2.5211000174749643
838,9,19,2.6144000003114343
839,9,23,2.4055000103544444
840,9,19,2.587599999969825
841,9,23,2.4175999860744923
842,9,19,2.4101999879349023
843,9,23,2.5605999981053174
844,9,19,2.5877000007312745
845,9,23,3.0353000038303435
846,9,19,3.0078999989200383
847,9,23,2.643899992108345
848,9,19,2.6766999799292535
849,9,23,3.0478000117000192
850,9,19,2.738099981797859
851,9,23,2.675199997611344
852,9,19,3.267499996582046
853,9,23,2.6489000010769814
854,9,19,3.3950999786611646
855,9,23,3.1355000101029873
856,9,19,2.7461000136099756
857,9,23,3.1441000173799694
858,9,19,3.4562000073492527
859,9,23,2.8713000065181404
860,9,19,3.1165999826043844
861,9,23,2.7808000158984214
862,9,19,2.9257999849505723
863,9,23,2.9636000108439475
864,9,19,3.127400006633252
865,9,23,3.1922999769449234
866,9,19,2.6935999921988696
867,9,23,3.2682000019121915
868,9,19,2.7489999774843454
869,9,23,2.8426999924704432
870,9,19,3.2284000189974904
871,9,23,3.1615000043530017
872,9,19,2.7966999914497137
873,9,23,3.0918999982532114
874,9,19,2.652499999385327
875,9,23,2.6373000000603497
876,9,19,3.3488000044599175
877,9,23,2.6040999800898135
878,9,19,2.3493999906349927
879,9,23,2.2825000050943345
880,9,19,2.3484999837819487
881,9,23,2.2666999720968306
882,9,19,2.1677000040654093
883,9,23,2.518299996154383
884,9,19,2.605699992273003
885,9,23,2.4215000157710165
886,9,19,2.2443000052589923
887,9,23,2.2484000073745847
888,9,19,2.1653999865520746
889,9,23,2.3618999985046685
890,9,19,2.534600003855303
891,9,23,2.421400015009567
892,9,19,2.2587999992538244
893,9,23,2.3902000102680176
894,9,19,2.3392000002786517
895,9,23,2.2933000000193715
896,9,19,2.312500000698492
897,9,23,2.4528000212740153
898,9,19,2.2726999886799604
899,9,23,2.294900012202561
900,9,19,2.224500000011176
901,9,23,2.3188999912235886
902,9,19,2.1767000143881887
903,9,23,2.4708999844733626
904,9,19,2.4916999973356724
905,9,23,2.3538999957963824
906,9,19,2.304299996467307
907,9,23,2.3197999980766326
908,9,19,2.3344999935943633
909,9,23,2.4432999780401587
910,9,19,2.3406999825965613
911,9,23,2.3914999910630286
912,9,19,2.2906999802216887
913,9,23,2.3654000251553953
914,9,19,2.3262000177055597
915,9,23,2.3215999826788902
916,9,19,2.343399974051863
917,9,23,2.374100004089996
918,9,19,2.5408999936189502
919,9,23,2.60909998905845
920,9,19,2.540499990573153
921,9,23,2.5929999828804284
922,9,19,2.7120999875478446
923,9,23,3.282499994384125
924,9,19,3.0655000009573996
925,9,23,2.8159000212326646
926,9,19,2.485199976945296
927,9,23,2.807800017762929
928,9,19,2.8458000160753727
929,9,23,2.865000016754493
930,9,19,3.8788999954704195
931,9,23,3.3619000168982893
932,9,19,3.2905999978538603
933,9,23,3.9349999860860407
934,9,19,3.945100004784763
935,9,23,3.554499999154359
936,9,19,3.564099984942004
937,9,23,3.9680000045336783
938,9,19,3.3195999858435243
939,9,23,4.033899982459843
940,9,19,2.4961000017356128
941,9,23,2.7034000086132437
942,9,19,3.222200000891462
943,9,23,2.864400012185797
944,9,19,3.048499987926334
945,9,23,3.1522000208497047
946,9,19,2.582600020105019
947,9,23,2.8070000116713345
948,9,19,3.40620000497438
949,9,23,2.900499996030703
950,9,19,3.3537000126671046
951,9,23,2.8310000197961926
952,9,19,2.7771999884862453
953,9,23,2.7473999944049865
954,9,19,3.261699981521815
955,9,23,3.242500009946525
956,9,19,2.5797999987844378
957,9,23,2.380299993092194
958,9,19,2.2646000143140554
959,9,23,2.631800016388297
960,9,19,2.4126000062096864
961,9,23,2.469899976858869
962,9,19,2.751499996520579
963,9,23,2.3421000223606825
964,9,19,2.291099983267486
965,9,23,2.421300014248118
966,9,19,2.4597000156063586
967,9,23,2.375999989453703
968,9,19,2.341799990972504
969,9,23,2.7182000048924237
970,9,19,2.248399978270754
971,9,23,2.3228000209201127
972,9,19,2.5687000015750527
973,9,23,2.4766999995335937
974,9,19,2.292299992404878
975,9,23,2.4615000002086163
976,9,19,2.2545999963767827
977,9,23,2.3182000149972737
978,9,19,2.3050000017974526
979,9,23,2.2717000101692975
980,9,19,2.2302999859675765
981,9,23,2.3856000043451786
982,9,19,2.2427999938372523
983,9,23,2.432500012218952
984,9,19,2.209700003731996
985,9,23,2.534600003855303
986,9,19,2.258099993923679
987,9,23,2.2385999909602106
988,9,19,2.3859000066295266
989,9,23,2.546000003349036
990,9,19,2.1942000021226704
991,9,23,2.4723999958951026
992,9,19,2.5533000007271767
993,9,23,2.488800004357472
994,9,19,2.4452999932691455
995,9,23,2.4154999991878867
996,9,19,2.375599986407906
997,9,23,2.9082999972160906
998,9,19,2.4238000041805208
999,9,23,2.608100010547787
1000,9,19,2.4821999832056463
1001,9,23,2.6236999838147312
1002,9,19,3.329300001496449
1003,9,23,3.1413999968208373
1004,9,19,2.6470999873708934
1005,9,23,2.5687000015750527
1006,9,19,2.729700005147606
1007,9,23,2.7524999750312418
1008,9,19,2.715500013437122
1009,9,23,3.429500007769093
1010,9,19,2.798000001348555
1011,9,23,2.6437999913468957
1012,9,19,3.152600023895502
1013,9,23,2.787500008707866
1014,9,19,3.7506000080611557
1015,9,23,2.802500006509945
1016,9,19,2.5547000113874674
1017,9,23,2.815499989083037
1018,9,19,3.2423000084236264
1019,9,23,3.2213000231422484
1020,9,19,3.205299988621846
1021,9,23,2.983599988510832
1022,9,19,2.592400007415563
1023,9,23,2.7996000135317445
1024,9,19,2.8104000084567815
1025,9,23,3.731399978278205
1026,9,19,2.821700007189065
1027,9,23,2.707899984670803
1028,9,19,2.5130999856628478
1029,9,23,2.9079000232741237
1030,9,19,3.048699989449233
1031,9,23,3.3392999903298914
1032,9,19,2.887100010411814
1033,9,23,3.161900007398799
1034,9,19,2.9375999874901026
1035,9,23,2.6667999918572605
1036,9,19,3.317100025014952
1037,9,23,2.674099989235401
1038,9,19,2.7150000096298754
1039,9,23,3.570200002286583
1040,9,19,3.364099975442514
1041,9,23,2.5686999724712223
1042,9,19,3.406800009543076
1043,9,23,2.6439999928697944
1044,9,19,2.66100000590086
1045,9,23,2.711599983740598
1046,9,19,3.142800007481128
1047,9,23,3.2250999938696623
1048,9,19,3.6392000038176775
1049,9,23,3.0562000174541026
1050,9,19,2.332899981411174
1051,9,23,2.3332000127993524
1052,9,19,2.1798000088892877
1053,9,23,2.515600004699081
1054,9,19,2.3000000219326466
1055,9,23,2.394600014667958
1056,9,19,2.2997000196482986
1057,9,23,2.3187999904621392
1058,9,19,2.19719999586232
1059,9,23,2.4333999899681658
1060,9,19,2.3609999916516244
1061,9,23,2.3302999907173216
1062,9,19,2.299099985975772
1063,9,23,2.5307000032626092
1064,9,19,2.4105999909806997
1065,9,23,2.5849000085145235
1066,9,19,2.4742000096011907
1067,9,23,2.485700009856373
1068,9,19,2.525799995055422
1069,9,23,2.7809999883174896
1070,9,19,2.4879999982658774
1071,9,23,2.580700005637482
1072,9,19,2.7655999874696136
1073,9,23,3.265800012741238
1074,9,19,2.887100010411814
1075,9,23,2.895599987823516
1076,9,19,2.73499998729676
1077,9,23,2.744199999142438
1078,9,19,3.3357000211253762
1079,9,23,3.7385000032372773
1080,9,19,2.750299987383187
1081,9,23,2.872100012609735
1082,9,19,2.7111000090371817
1083,9,23,2.6243999891448766
1084,9,19,4.041499982122332
1085,9,23,3.0672000139020383
1086,9,19,2.62539999675937
1087,9,23,3.2973999914247543
1088,9,19,2.8455000137910247
1089,9,23,3.048399987164885
1090,9,19,3.113399987341836
1091,9,23,3.0095000111032277
1092,9,19,2.452299988362938
1093,9,23,3.496500023175031
1094,9,19,2.751499996520579
1095,9,23,3.7280000105965883
1096,9,19,2.765399985946715
1097,9,23,2.519000001484528
1098,9,19,2.7928999916184694
1099,9,23,2.9257999849505723
1100,9,19,3.133399994112551
1101,9,23,3.119700006209314
1102,9,19,2.8003999905195087
1103,9,23,2.6369999977760017
1104,9,19,2.6812000141944736
1105,9,23,3.14839999191463
1106,9,19,2.7840000111609697
1107,9,23,2.437999995891005
1108,9,19,2.26239999756217
1109,9,23,2.3819000052753836
1110,9,19,2.310000010766089
1111,9,23,2.3966000007931143
1112,9,19,2.3065000132191926
1113,9,23,2.466399979311973
1114,9,19,2.2177999780979007
1115,9,23,2.2877999872434884
1116,9,19,2.2755999816581607
1117,9,23,2.2675999789498746
1118,9,19,2.3170000058598816
1119,9,23,2.2609000152442604
1120,9,19,2.2510999988298863
1121,9,23,2.348599984543398
1122,9,19,2.1570000099018216
1123,9,23,2.2532000148203224
1124,9,19,2.2621999960392714
1125,9,23,2.585000009275973
1126,9,19,2.2957999899517745
1127,9,23,2.444100013235584
1128,9,19,2.3244000039994717
1129,9,23,2.3258000146597624
1130,9,19,2.3147999891079962
1131,9,23,2.3831999860703945
1132,9,19,2.227899996796623
1133,9,23,2.382000006036833
1134,9,19,2.3683000181335956
1135,9,23,2.390600013313815
1136,9,19,2.293700003065169
1137,9,23,2.415299997664988
1138,9,19,2.509300014935434
1139,9,23,2.65650000073947
1140,9,19,2.337100013392046
1141,9,23,2.4898999836295843
1142,9,19,2.452299988362938
1143,9,23,2.5347000046167523
1144,9,19,2.462000004015863
1145,9,23,2.530900004785508
1146,9,19,2.619800012325868
1147,9,23,2.64170000446029
1148,9,19,3.187700000125915
1149,9,23,2.737199974944815
1150,9,19,2.7427000168245286
1151,9,23,2.737100003287196
1152,9,19,3.0020999838598073
1153,9,23,3.3010000188369304
1154,9,19,3.1331999925896525
1155,9,23,2.961500023957342
1156,9,19,2.6926000136882067
1157,9,23,2.5059999898076057
1158,9,19,2.268800017191097
1159,9,23,2.9018000059295446
1160,9,19,2.7642000059131533
1161,9,23,2.673300012247637
1162,9,19,2.679299999726936
1163,9,23,2.9986000154167414
1164,9,19,2.636799996253103
1165,9,23,3.396699990844354
1166,9,19,3.182599990395829
1167,9,23,3.23880001087673
1168,9,19,2.702900004805997
1169,9,23,3.52920001023449
1170,9,19,4.1520000086165965
1171,9,23,2.9020000074524432
1172,9,19,2.5184999976772815
1173,9,23,2.953999995952472
1174,9,19,3.048799990210682
1175,9,23,3.275300026871264
1176,9,19,3.3762000093702227
1177,9,23,2.8415999840945005
1178,9,19,2.9131000046618283
1179,9,23,2.918500016676262
1180,9,19,2.810200006933883
1181,9,23,3.8872000004630536
1182,9,19,2.8707000019494444
1183,9,23,2.80030001886189
1184,9,19,2.740199997788295
1185,9,23,2.3261999886017293
1186,9,19,2.5568999990355223
1187,9,23,2.7938999992329627
1188,9,19,2.352100011194125
1189,9,23,2.364499989198521
1190,9,19,2.2419000160880387
1191,9,23,2.360899990890175
1192,9,19,2.431699977023527
1193,9,23,2.445799997076392
1194,9,19,2.467599988449365
1195,9,23,2.394099981756881
1196,9,19,2.275399980135262
1197,9,23,2.4120000016409904
1198,9,19,2.23129999358207
1199,9,23,2.3166000028140843
1200,9,19,2.347800007555634
1201,9,23,2.3114999930839986
1202,9,19,2.1717000054195523
1203,9,23,2.317700011190027
1204,9,19,2.343600004678592
1205,9,23,2.310900017619133
1206,9,19,2.2119000204838812
1207,9,23,2.3099000100046396
1208,9,19,2.21950002014637
1209,9,23,2.334399992832914
1210,9,19,2.233499981230125
1211,9,23,2.2628000006079674
1212,9,19,2.428800013149157
1213,9,23,2.398999989964068
1214,9,19,2.2738999978173524
1215,9,23,2.60169999091886
1216,9,19,2.8571999864652753
1217,9,23,2.5519000191707164
1218,9,19,2.958900004159659
1219,9,23,2.5120999780483544
1220,9,19,2.2418999869842082
1221,9,23,2.6406999968457967
1222,9,19,2.809600002365187
1223,9,23,2.882800006773323
1224,9,19,3.021800017450005
1225,9,23,2.9233999957796186
1226,9,19,2.854899998055771
1227,9,23,3.6736000038217753
1228,9,19,2.4895000096876174
1229,9,23,2.7359999949112535
1230,9,19,3.2093000190798193
1231,9,23,3.021900018211454
1232,9,19,3.0746000120416284
1233,9,23,3.702100017108023
1234,9,19,2.6618000119924545
1235,9,23,2.7944000030402094
1236,9,19,2.951200003735721
1237,9,23,2.8254000062588602
1238,9,19,3.043500008061528
1239,9,23,2.4747000134084374
1240,9,19,2.9366000089794397
1241,9,23,2.495900000212714
1242,9,19,2.7079999854322523
1243,9,23,2.9132000054232776
1244,9,19,3.3687000104691833
1245,9,23,2.9289999802131206
1246,9,19,3.0709000129718333
1247,9,23,2.6906999992206693
1248,9,19,2.6951000036206096
1249,9,23,3.8064000254962593
1250,9,19,2.947800006950274
1251,9,23,2.784100011922419
1252,9,19,3.046500001801178
1253,9,23,2.697099989745766
1254,9,19,2.7578999870456755
1255,9,23,3.5198000259697437
1256,9,19,2.8701999981421977
1257,9,23,3.0098000133875757
1258,9,19,2.9476000054273754
1259,9,23,2.436700015095994
1260,9,19,2.7657999889925122
1261,9,23,2.7931999939028174
1262,9,19,2.3407999833580106
1263,9,23,2.4007000029087067
1264,9,19,2.359300007810816
1265,9,23,2.3136000090744346
1266,9,19,2.2338000126183033
1267,9,23,2.5446999934501946
1268,9,19,2.5203000113833696
1269,9,23,2.4272000009659678
1270,9,19,2.261400019051507
1271,9,23,2.269000018713996
1272,9,19,2.286000002641231
1273,9,23,2.4118000001180917
1274,9,19,2.4653000000398606
1275,9,23,2.4338000221177936
1276,9,19,2.2889999963808805
1277,9,23,2.396199997747317
1278,9,19,2.3209000064525753
1279,9,23,2.3268999939318746
1280,9,19,2.3859999782871455
1281,9,23,2.406399988103658
1282,9,19,2.354200027184561
1283,9,23,2.3726000217720866
1284,9,19,2.257799991639331
1285,9,23,2.3105999862309545
1286,9,19,2.311800024472177
1287,9,23,2.4062000156845897
1288,9,19,2.284400019561872
1289,9,23,2.3732999979984015
1290,9,19,2.514699997846037
1291,9,23,2.2880999895278364
1292,9,19,2.3604999878443778
1293,9,23,2.9907000134699047
1294,9,19,2.522599999792874
1295,9,23,2.5754999951459467
1296,9,19,2.8276999946683645
1297,9,23,2.914200013037771
1298,9,19,2.9596000094898045
1299,9,23,3.448799980105832
1300,9,19,3.2959000091068447
1301,9,23,3.2987000013235956
1302,9,19,3.476800018688664
1303,9,23,4.672799987019971
1304,9,19,4.57380001898855
1305,9,23,4.593999998178333
1306,9,19,4.587500006891787
1307,9,23,4.033400007756427
1308,9,19,4.037900012917817
1309,9,23,3.6506000033114105
1310,9,19,3.4802999871317297
1311,9,23,3.1996000034268945
1312,9,19,3.074099979130551
1313,9,23,4.425899998750538
1314,9,19,3.366400022059679
1315,9,23,4.227700002957135
1316,9,19,4.009500000393018
1317,9,23,3.4890999959316105
1318,9,19,3.860500000882894
1319,9,23,3.434799989918247
1320,9,19,3.1364000169560313
1321,9,23,3.762199979973957
1322,9,19,4.172400018433109
1323,9,23,3.2559999963268638
1324,9,19,3.126600000541657
1325,9,23,3.186799993272871
1326,9,19,2.961599995614961
1327,9,23,3.9040000119712204
1328,9,19,2.972399990539998
1329,9,23,2.6920000091195107
1330,9,19,2.7944999746978283
1331,9,23,2.7390000177547336
1332,9,19,2.4372999905608594
1333,9,23,2.6224000030197203
1334,9,19,2.463099983287975
1335,9,23,2.436500013573095
1336,9,19,2.326399990124628
1337,9,23,2.4856999807525426
1338,9,19,2.365099993767217
1339,9,23,2.590399992186576
1340,9,19,2.3330000112764537
1341,9,23,2.382999984547496
1342,9,19,2.2382999886758626
1343,9,23,2.2669000027235597
1344,9,19,2.4449999909847975
1345,9,23,2.603800006909296
1346,9,19,2.48170000850223
1347,9,23,2.383399987593293
1348,9,19,2.295099984621629
1349,9,23,2.227299992227927
1350,9,19,2.349100017454475
1351,9,23,2.295699989190325
1352,9,19,2.468799997586757
1353,9,23,2.2496000165119767
1354,9,19,2.2567999840248376
1355,9,23,2.4126000062096864
1356,9,19,2.4081000010482967
1357,9,23,2.2390999947674572
1358,9,19,2.4022999859880656
1359,9,23,2.5840000016614795
1360,9,19,2.550099976360798
1361,9,23,2.4686000251676887
1362,9,19,2.367399982176721
1363,9,23,2.4843999999575317
1364,9,19,2.8551000286825
1365,9,23,3.1793999951332808
1366,9,19,3.0639999895356596
1367,9,23,2.6259000005666167
1368,9,19,2.709800028242171
1369,9,23,2.938899997388944
1370,9,19,4.2529999918770045
1371,9,23,3.545599989593029
1372,9,19,3.0826999864075333
1373,9,23,2.5926000089384615
1374,9,19,2.5010000099428
1375,9,23,4.159000003710389
1376,9,19,3.12619999749586
1377,9,23,3.633599990280345
1378,9,19,3.16330001805909
1379,9,23,2.8399000002536923
1380,9,19,2.7206999948248267
1381,9,23,3.349200007505715
1382,9,19,3.1681999971624464
1383,9,23,2.8331000066827983
1384,9,19,3.0525999900419265
1385,9,23,2.50990001950413
1386,9,19,2.535800012992695
1387,9,23,3.500599996186793
1388,9,19,2.9068999865558
1389,9,23,2.9319000022951514
1390,9,19,3.859399992506951
1391,9,23,2.869500021915883
1392,9,19,2.7747999993152916
1393,9,23,3.4462999901734293
1394,9,19,2.8503000212367624
1395,9,23,3.1270000035874546
1396,9,19,3.273500013165176
1397,9,23,2.7097999991383404
1398,9,19,3.6486000171862543
1399,9,23,2.552400022977963
1400,9,19,2.294400008395314
1401,9,23,2.4073999957181513
1402,9,19,2.2541999933309853
1403,9,23,2.3542999988421798
1404,9,19,2.4135999847203493
1405,9,23,2.9340999899432063
1406,9,19,2.4272000009659678
1407,9,23,2.3996999952942133
1408,9,19,2.2770999930799007
1409,9,23,2.37800000468269
1410,9,19,2.2478999744635075
1411,9,23,2.3898000072222203
1412,9,19,2.517399989301339
1413,9,23,2.3796000168658793
1414,9,19,2.3178000119514763
1415,9,23,2.3083999985828996
1416,9,19,2.1983000042382628
1417,9,23,2.3421999940183014
1418,9,19,2.3809999984223396
1419,9,23,2.6511999894864857
1420,9,19,2.263699978357181
1421,9,23,2.3785999801475555
1422,9,19,2.2706000017933547
1423,9,23,2.2293000074569136
1424,9,19,2.2443000052589923
1425,9,23,2.4719000211916864
1426,9,19,2.291099983267486
1427,9,23,2.3310999968089163
1428,9,19,2.2487999813165516
1429,9,23,2.5788999919313937
1430,9,19,2.504500007489696
1431,9,23,2.3370000126305968
1432,9,19,2.677399985259399
1433,9,23,2.572500001406297
1434,9,19,2.7575999847613275
1435,9,23,2.6860999932978302
1436,9,19,2.467200014507398
1437,9,23,2.9808999970555305
1438,9,19,3.61509999493137
1439,9,23,2.826599986292422
1440,9,19,3.2541999826207757
1441,9,23,3.587199986213818
1442,9,19,3.639100003056228
1443,9,23,4.328600014559925
1444,9,19,3.0504000023938715
1445,9,23,2.755199995590374
1446,9,19,2.7311999874655157
1447,9,23,4.205499979434535
1448,9,19,4.2572999955154955
1449,9,23,3.528600005665794
1450,9,19,3.0541999731212854
1451,9,23,3.03140000323765
1452,9,19,3.848299995297566
1453,9,23,3.9109000063035637
1454,9,19,3.3324999967589974
1455,9,23,4.553500009933487
1456,9,19,4.117799981031567
1457,9,23,4.294899990782142
1458,9,19,3.402400005143136
1459,9,23,3.8309999799821526
1460,9,19,3.714300022693351
1461,9,23,4.7005999949760735
1462,9,19,3.489800001261756
1463,9,23,3.465299989329651
1464,9,19,3.1368000200018287
1465,9,23,3.336299996590242
1466,9,19,3.3639000030234456
1467,9,23,3.51429998409003
1468,9,19,2.822699985699728
1469,9,23,2.6310999819543213
1470,9,19,2.639599988469854
1471,9,23,3.337000001920387
1472,9,19,2.451699983794242
1473,9,23,2.5653000047896057
1474,9,19,2.506099990569055
1475,9,23,2.4876000243239105
1476,9,19,2.445199992507696
1477,9,23,2.72620000760071
1478,9,19,2.448799990816042
1479,9,23,2.5369000213686377
1480,9,19,2.562099980423227
1481,9,23,2.4255000171251595
1482,9,19,2.454900008160621
1483,9,23,2.529399993363768
1484,9,19,2.4895000096876174
1485,9,23,2.5904000212904066
1486,9,19,2.441999997245148
1487,9,23,2.3425999970640987
1488,9,19,2.353300020331517
1489,9,23,2.440299984300509
1490,9,19,2.3489999875891954
1491,9,23,2.551599987782538
1492,9,19,2.67730001360178
1493,9,23,2.533399994717911
1494,9,19,2.3154999944381416
1495,9,23,2.5292999926023185
1496,9,19,2.8116999892517924
1497,9,23,2.8260000108275563
1498,9,19,2.6806000096257776
1499,9,23,2.659899997524917
1500,9,19,2.9171000060159713
1501,9,23,2.7777000213973224
1502,9,19,2.881899999920279
1503,9,23,2.969900000607595
1504,9,19,2.7680000057443976
1505,9,23,3.0436000088229775
1506,9,19,2.9753000126220286
1507,9,23,3.018599993083626
1508,9,19,3.824299987172708
1509,9,23,3.894399997079745
1510,9,19,3.13499997719191
1511,9,23,3.266499988967553
1512,9,19,4.033500008517876
1513,9,23,3.42689998797141
1514,9,19,2.906099980464205
1515,9,23,3.4355000243522227
1516,9,19,3.207400004612282
1517,9,23,3.291799977887422
1518,9,19,4.319200001191348
1519,9,23,3.2746999931987375
1520,9,19,3.382199996849522
1521,9,23,3.882499993778765
1522,9,19,4.943900014040992
1523,9,23,3.5281000018585473
1524,9,19,2.931199996965006
1525,9,23,3.6856000078842044
1526,9,19,2.9854000022169203
1527,9,23,3.178500017384067
1528,9,19,3.005000005941838
1529,9,23,3.3059999987017363
1530,9,19,3.2762999762780964
1531,9,23,3.6011999764014035
1532,9,19,4.131699999561533
1533,9,23,3.3866000012494624
1534,9,19,3.222999977879226
1535,9,23,2.74990001344122
1536,9,19,2.4102000170387328
1537,9,23,3.2285999914165586
1538,9,19,2.538499975344166
1539,9,23,2.5679999962449074
1540,9,19,2.5864000199362636
1541,9,23,2.442700002575293
1542,9,19,2.479599992511794
1543,9,23,2.52909999107942
1544,9,19,2.480499999364838
1545,9,23,2.379200013820082
1546,9,19,2.4225999950431287
1547,9,23,2.3594000085722655
1548,9,19,2.286400005687028
1549,9,23,2.445799997076392
1550,9,19,2.3545000003650784
1551,9,23,2.380499994615093
1552,9,19,2.4591000110376626
1553,9,23,2.4741999804973602
1554,9,19,2.439900010358542
1555,9,23,2.4951999948825687
1556,9,19,2.3984000144992024
1557,9,23,2.4556000134907663
1558,9,19,2.3967000015545636
1559,9,23,2.378900011535734
1560,9,19,2.282100002048537
1561,9,23,2.324200002476573
1562,9,19,2.245700015919283
1563,9,23,2.479599992511794
1564,9,19,2.4671999854035676
1565,9,23,2.6421000075060874
1566,9,19,2.358900004765019
1567,9,23,3.1230000022333115
1568,9,19,2.8270999900996685
1569,9,23,2.5001000030897558
1570,9,19,2.8429999947547913
1571,9,23,3.1429000082425773
1572,9,19,2.9082999972160906
1573,9,23,2.7532999811228365
1574,9,19,3.11879999935627
1575,9,23,3.12909999047406
1576,9,19,3.2580999832134694
1577,9,23,2.718900010222569
1578,9,19,2.6713999977800995
1579,9,23,2.800499991280958
1580,9,19,3.084399999352172
1581,9,23,3.5445000103209168
1582,9,19,2.993300004163757
1583,9,23,3.1469000095967203
1584,9,19,3.251199988881126
1585,9,23,2.860400010831654
1586,9,19,3.6466000019572675
1587,9,23,3.5121999972034246
1588,9,19,2.7208999963477254
1589,9,23,3.1365999893750995
1590,9,19,3.182700020261109
1591,9,23,3.5766000219155103
1592,9,19,3.5054000036325306
1593,9,23,3.190400020685047
1594,9,19,3.2139999966602772
1595,9,23,3.6358999786898494
1596,9,19,3.2743000192567706
1597,9,23,3.171499993186444
1598,9,19,3.0947999912314117
1599,9,23,3.7725000001955777
1600,9,19,2.8264000138733536
1601,9,23,3.5573999921325594
1602,9,19,3.164200024912134
1603,9,23,3.2242999877780676
1604,9,19,3.413200000068173
1605,9,23,3.2347000087611377
1606,9,19,2.7808999875560403
1607,9,23,2.885699999751523
1608,9,19,2.2846999927423894
1609,9,23,2.730200008954853
1610,9,19,2.335399971343577
1611,9,23,2.3666999768465757
1612,9,19,2.4090000079013407
1613,9,23,2.5166000123135746
1614,9,19,2.411200024653226
1615,9,23,2.448199986247346
1616,9,19,2.3074999917298555
1617,9,23,2.377500000875443
1618,9,19,2.274099999340251
1619,9,23,2.4727999989409
1620,9,19,2.3465999984182417
1621,9,23,2.420800010440871
1622,9,19,2.4676000175531954
1623,9,23,2.3453999892808497
1624,9,19,2.353199990466237
1625,9,23,2.3902000102680176
1626,9,19,2.256200008559972
1627,9,23,2.3501999967265874
1628,9,19,2.4846000014804304
1629,9,23,2.4262999941129237
1630,9,19,2.359099977184087
1631,9,23,2.346099994610995
1632,9,19,2.202900010161102
1633,9,23,2.324500004760921
1634,9,19,2.680499979760498
1635,9,23,3.0144999909680337
1636,9,19,2.368799992837012
1637,9,23,2.5569999997969717
1638,9,19,2.589000010630116
1639,9,23,2.6864999963436276
1640,9,19,2.64320001588203
1641,9,23,2.8477000014390796
1642,9,19,2.7163999911863357
1643,9,23,2.837999985786155
1644,9,19,3.0146000208333135
1645,9,23,2.7230000123381615
1646,9,19,3.3953999809455127
1647,9,23,2.637400000821799
1648,9,19,2.691200003027916
1649,9,23,2.949500019894913
1650,9,19,2.7188000094611198
1651,9,23,3.130500001134351
1652,9,19,3.306200000224635
1653,9,23,2.7065000031143427
1654,9,19,2.786600001854822
1655,9,23,2.9688999929931015
1656,9,19,2.6904999976977706
1657,9,23,3.49810000625439
1658,9,19,2.6812000141944736
1659,9,23,2.7815999928861856
1660,9,19,2.721099997870624
1661,9,23,2.834699989762157
1662,9,19,2.69950000802055
1663,9,23,3.711600002134219
1664,9,19,2.6514999917708337
1665,9,23,2.888499991968274
1666,9,19,2.6983999996446073
1667,9,23,3.311199980089441
1668,9,19,3.4995000169146806
1669,9,23,2.750599989667535
1670,9,19,2.6098999951500446
1671,9,23,2.8824000037275255
1672,9,19,2.7473999944049865
1673,9,23,2.7276999899186194
1674,9,19,3.447099996265024
1675,9,23,2.584700006991625
1676,9,19,2.6098999951500446
1677,9,23,2.8815999976359308
1678,9,19,2.871200005756691
1679,9,23,3.4121999924536794
1680,9,19,4.2507000034675
1681,9,23,2.5606999988667667
1682,9,19,2.473899978213012
1683,9,23,2.470900013577193
1684,9,19,2.179000002797693
1685,9,23,2.6744999922811985
1686,9,19,2.722000004723668
1687,9,23,2.280299988342449
1688,9,19,2.304199995705858
1689,9,23,2.5679999962449074
1690,9,19,2.1865000016987324
1691,9,23,2.312899974640459
1692,9,19,2.4101999879349023
1693,9,23,2.409700013231486
1694,9,19,2.1681000071112067
1695,9,23,2.268899988848716
1696,9,19,2.5160000077448785
1697,9,23,2.3999999975785613
1698,9,19,2.275300008477643
1699,9,23,2.3856000043451786
1700,9,19,2.3287000076379627
1701,9,23,2.3111000191420317
1702,9,19,2.2508999973069876
1703,9,23,3.1771000067237765
1704,9,19,2.831799996783957
1705,9,23,2.2385000193025917
1706,9,19,2.334399992832914
1707,9,23,2.309700008481741
1708,9,19,2.322699991054833
1709,9,23,2.4796999932732433
1710,9,19,2.476199995726347
1711,9,23,2.515300002414733
1712,9,19,2.5883000052999705
1713,9,23,2.5141999940387905
1714,9,19,2.4791000178083777
1715,9,23,2.6659999857656658
1716,9,19,2.506000018911436
1717,9,23,2.5003000046126544
1718,9,19,2.5452999980188906
1719,9,23,3.1461000035051256
1720,9,19,2.866299997549504
1721,9,23,3.711900004418567
1722,9,19,2.9085999995004386
1723,9,23,3.0891999776940793
1724,9,19,3.2216999970842153
1725,9,23,3.494500007946044
1726,9,19,3.4124000230804086
1727,9,23,3.191199997672811
1728,9,19,3.3987000060733408
1729,9,23,3.561700024874881
1730,9,19,3.700300003401935
1731,9,23,3.987300005974248
1732,9,19,3.1343000009655952
1733,9,23,3.2291999959852546
1734,9,19,3.4150999854318798
1735,9,23,3.097900014836341
1736,9,19,2.6584999868646264
1737,9,23,2.861300017684698
1738,9,19,2.7062000008299947
1739,9,23,3.208499983884394
1740,9,19,3.425899980356917
1741,9,23,2.8395999979693443
1742,9,19,2.48019999708049
1743,9,23,3.202499996405095
1744,9,19,2.6440999936312437
1745,9,23,4.271999991033226
1746,9,19,3.4842999884858727
1747,9,23,2.7987000066787004
1748,9,19,2.799500012770295
1749,9,23,3.569100023014471
1750,9,19,3.0245000089053065
1751,9,23,2.836000028764829
1752,9,19,2.9673000099137425
1753,9,23,2.818699984345585
1754,9,19,2.836700004991144
1755,9,23,3.2415000023320317
1756,9,19,2.9574000218417495
1757,9,23,2.6331999979447573
1758,9,19,2.6419000059831887
1759,9,23,2.884199988329783
1760,9,19,2.6985000004060566
1761,9,23,2.654399984749034
1762,9,19,2.6006999833043665
1763,9,23,2.3588000040035695
1764,9,19,2.287399984197691
1765,9,23,2.3981000122148544
1766,9,19,2.4434000079054385
1767,9,23,2.4473000084981322
1768,9,19,2.2319999989122152
1769,9,23,2.3505999997723848
1770,9,19,2.316199999768287
1771,9,23,2.383500017458573
1772,9,19,2.3342999920714647
1773,9,23,2.3040999949444085
1774,9,19,2.30540000484325
1775,9,23,2.3117999953683466
1776,9,19,2.2863999765831977
1777,9,23,2.536100015277043
1778,9,19,2.319599996553734
1779,9,23,2.334600023459643
1780,9,19,2.5727000029291958
1781,9,23,2.491299994289875
1782,9,19,2.604799985419959
1783,9,23,2.622600004542619
1784,9,19,2.418399992166087
1785,9,23,2.454000001307577
1786,9,19,2.6852999872062355
1787,9,23,2.4375000211875886
1788,9,19,2.437900024233386
1789,9,23,2.535599982365966
1790,9,19,2.5613000034354627
1791,9,23,3.005699982168153
1792,9,19,3.3213000278919935
1793,9,23,3.632300009485334
1794,9,19,3.2269000075757504
1795,9,23,3.2310000096913427
1796,9,19,3.024100005859509
1797,9,23,3.3217000018339604
1798,9,19,2.801399998134002
1799,9,23,3.840800025500357
1800,9,19,2.8578999917954206
1801,9,23,3.254200011724606
1802,9,19,2.656700002262369
1803,9,23,2.825499977916479
1804,9,19,2.6440999936312437
1805,9,23,3.613200009567663
1806,9,19,2.6944999990519136
1807,9,23,2.9913000180386007
1808,9,19,2.7216000016778708
1809,9,23,2.736700000241399
1810,9,19,3.0784000118728727
1811,9,23,3.1370000215247273
1812,9,19,3.128799988189712
1813,9,23,2.876300015486777
1814,9,19,3.041899995878339
1815,9,23,2.7543000178411603
1816,9,19,3.6447000165935606
1817,9,23,3.3620999893173575
1818,9,19,8.71039999765344
1819,9,23,6.875799997942522
1820,9,19,4.266900010406971
1821,9,23,5.186299997149035
1822,9,19,4.233299987390637
1823,9,23,4.006299976026639
1824,9,19,3.4401000011712313
1825,9,23,3.0926000035833567
1826,9,19,3.165300004184246
1827,9,23,3.3568000071682036
1828,9,19,2.716799994232133
1829,9,23,2.4738000065553933
1830,9,19,2.4129999801516533
1831,9,23,2.3944999848026782
1832,9,19,2.245400013634935
1833,9,23,2.4212000134866685
1834,9,19,2.3261999886017293
1835,9,23,2.3259999870788306
1836,9,19,2.3270999954547733
1837,9,23,2.3281000030692667
1838,9,19,2.2929999977350235
1839,9,23,2.4683999945409596
1840,9,19,2.279900014400482
1841,9,23,2.3791999847162515
1842,9,19,2.2191000171005726
1843,9,23,2.345799992326647
1844,9,19,2.3842999944463372
1845,9,23,2.335600001970306
1846,9,19,2.2649000165984035
1847,9,23,2.4124000046867877
1848,9,19,2.2988000127952546
1849,9,23,2.317599981324747
1850,9,19,2.226199983851984
1851,9,23,2.42089998209849
1852,9,19,2.4859999830368906
1853,9,23,2.681099984329194
1854,9,19,2.508700010366738
1855,9,23,2.535800012992695
1856,9,19,2.5321000139229
1857,9,23,2.4639999901410192
1858,9,19,2.5021999899763614
1859,9,23,2.6285000203642994
1860,9,19,2.445099991746247
1861,9,23,2.5172999885398895
1862,9,19,2.568100026110187
1863,9,23,2.6095999928656965
1864,9,19,3.0332999886013567
1865,9,23,3.4866999776568264
1866,9,19,3.2387999817728996
1867,9,23,3.3924999879673123
1868,9,19,2.910699986387044
1869,9,23,2.98239997937344
1870,9,19,2.6153000071644783
1871,9,23,2.7873999788425863
1872,9,19,3.2828999974299222
1873,9,23,2.7945000038016587
1874,9,19,2.7987000066787004
1875,9,23,2.9637999832630157
1876,9,19,2.958199998829514
1877,9,23,3.1942000205162913
1878,9,19,3.063700016355142
1879,9,23,3.0576999997720122
1880,9,19,2.851500001270324
1881,9,23,2.826800016919151
1882,9,19,3.0310000001918525
1883,9,23,3.1689000024925917
1884,9,19,2.7319999935571104
1885,9,23,3.208600013749674
1886,9,19,2.505700016627088
1887,9,23,2.799800015054643
1888,9,19,2.965599996969104
1889,9,23,3.372600011061877
1890,9,19,2.8325000021141022
1891,9,23,2.876100013963878
1892,9,19,2.9765999934170395
1893,9,23,2.8845999913755804
1894,9,19,3.2789999968372285
1895,9,23,3.48480002139695
1896,9,19,2.691200003027916
1897,9,23,2.60470001376234
1898,9,19,2.6855999894905835
1899,9,23,2.355500007979572
1900,9,19,2.6587999891489744
1901,9,23,2.488899976015091
1902,9,19,2.2996000188868493
1903,9,23,2.3194999957922846
1904,9,19,2.323800028534606
1905,9,23,2.5261999981012195
1906,9,19,2.238300017779693
1907,9,23,2.614799974253401
1908,9,19,2.4160000029951334
1909,9,23,2.464700024574995
1910,9,19,2.2350999934133142
1911,9,23,2.3237999994307756
1912,9,19,2.2219999809749424
1913,9,23,2.4622000055387616
1914,9,19,2.495299995644018
1915,9,23,2.3729999957140535
1916,9,19,2.3219000140670687
1917,9,23,2.4640999909024686
1918,9,19,2.26990002556704
1919,9,23,2.3314999998547137
1920,9,19,2.3933000047691166
1921,9,23,2.327299996977672
1922,9,19,2.216599998064339
1923,9,23,2.2298000112641603
1924,9,19,2.3185999889392406
1925,9,23,2.1942000021226704
1926,9,19,2.1997000148985535
1927,9,23,2.2536999895237386
1928,9,19,2.1604000066872686
1929,9,23,2.3461999953724444
1930,9,19,2.2572000161744654
1931,9,23,2.3499999952036887
1932,9,19,2.268100011860952
1933,9,23,2.514399995561689
1934,9,19,2.5310000055469573
1935,9,23,2.3748000094201416
1936,9,19,2.3843999952077866
1937,9,23,2.525999996578321
1938,9,19,2.5689000030979514
1939,9,23,2.9353999998420477
1940,9,19,2.3837000189814717
1941,9,23,3.103000024566427
1942,9,19,2.980499994009733
1943,9,23,2.7236999885644764
1944,9,19,2.67580000218004
1945,9,23,3.5349999961908907
1946,9,19,2.6416000036988407
1947,9,23,3.277999989222735
1948,9,19,2.5965000095311552
1949,9,23,2.4908999912440777
1950,9,19,2.706300001591444
1951,9,23,3.227799985324964
1952,9,19,2.69950000802055
1953,9,23,3.553800022928044
1954,9,19,2.294100006110966
1955,9,23,2.7516999980434775
1956,9,19,2.5954000011552125
1957,9,23,2.763899974524975
1958,9,19,2.666999993380159
1959,9,23,3.910100000211969
1960,9,19,2.8845999913755804
1961,9,23,2.703599981032312
1962,9,19,2.685000014025718
1963,9,23,3.2011999865062535
1964,9,19,2.999199990881607
1965,9,23,2.5947999965865165
1966,9,19,3.0116999987512827
1967,9,23,2.6913000037893653
1968,9,19,2.6320999895688146
1969,9,23,3.229599999031052
1970,9,19,3.3292000007349998
1971,9,23,2.74979998357594
1972,9,19,2.9731999966315925
1973,9,23,2.785200020298362
1974,9,19,2.6433999883010983
1975,9,23,3.249900008086115
1976,9,19,2.5754999951459467
1977,9,23,2.5485999940428883
1978,9,19,2.29649999528192
1979,9,23,2.426999999443069
1980,9,19,2.2274000220932066
1981,9,23,2.3631000076420605
1982,9,19,2.4756000202614814
1983,9,23,2.5591000157874078
1984,9,19,2.338300022529438
1985,9,23,2.3569999902974814
1986,9,19,2.2447999799624085
1987,9,23,2.358400000957772
1988,9,19,2.2231000184547156
1989,9,23,2.425499988021329
1990,9,19,2.3954999924171716
1991,9,23,2.4052000080700964
1992,9,19,2.332500007469207
1993,9,23,2.287699986482039
1994,9,19,2.6424999814480543
1995,9,23,2.6963000127580017
1996,9,19,2.303999994182959
1997,9,23,2.307299990206957
1998,9,19,2.2828000073786825
1999,9,23,2.330699993763119
2000,9,19,2.276200015330687
2001,9,23,2.270099997986108
2002,9,19,2.4187999952118844
2003,9,23,2.4702000082470477
2004,9,19,2.4665000091772527
2005,9,23,2.3384999949485064
2006,9,19,2.3403000086545944
2007,9,23,2.446400001645088
2008,9,19,2.327900001546368
2009,9,23,2.5544999807607383
2010,9,19,2.344500011531636
2011,9,23,2.368799992837012
2012,9,19,2.2422999900300056
2013,9,23,2.2668000019621104
2014,9,19,2.587499999208376
2015,9,23,2.7888999902643263
2016,9,19,3.3844999852590263
2017,9,23,3.4241999965161085
2018,9,19,2.7156999858561903
2019,9,23,3.325300000142306
2020,9,19,3.226800006814301
2021,9,23,2.828099997714162
2022,9,19,3.3371999743394554
2023,9,23,2.837999985786155
2024,9,19,2.7439999976195395
2025,9,23,3.0192999984137714
2026,9,19,2.849000011337921
2027,9,23,3.6265999951865524
2028,9,19,2.497400011634454
2029,9,23,2.8694999928120524
2030,9,19,3.25949999387376
2031,9,23,2.659799996763468
2032,9,19,2.790600003208965
2033,9,23,3.6983999889343977
2034,9,19,2.5419000012334436
2035,9,23,3.107199998339638
2036,9,19,4.8584999749436975
2037,9,23,3.515099990181625
2038,9,19,2.93210000381805
2039,9,23,3.0901999853085726
2040,9,19,3.1607999990228564
2041,9,23,2.524400013498962
2042,9,19,3.067700017709285
2043,9,23,3.309299994725734
2044,9,19,2.722000004723668
2045,9,23,2.8535000164993107
2046,9,19,2.643899992108345
2047,9,23,2.784499985864386
2048,9,19,2.97649999265559
2049,9,23,2.650500013260171
2050,9,19,2.2666000004392117
2051,9,23,2.360700018471107
2052,9,19,2.178099995944649
2053,9,23,2.243900002213195
2054,9,19,2.166900027077645
2055,9,23,2.2351999941747636
2056,9,19,2.3933999764267355
2057,9,23,2.304299996467307
2058,9,19,2.4209000112023205
2059,9,23,2.3302000190597028
2060,9,19,2.1650000126101077
2061,9,23,2.320800005691126
2062,9,19,2.3126000014599413
2063,9,23,2.504800009774044
2064,9,19,2.3308999952860177
2065,9,23,2.3760000185575336
2066,9,19,2.288199990289286
2067,9,23,2.3298999876715243
2068,9,19,2.1616999874822795
2069,9,23,2.4621000047773123
2070,9,19,2.238099987152964
2071,9,23,2.4000999983400106
2072,9,19,2.3138000105973333
2073,9,23,2.3133999784477055
2074,9,19,2.332800009753555
2075,9,23,2.3905999842099845
2076,9,19,2.3209000064525753
2077,9,23,2.3920000239741057
2078,9,19,2.610900002764538
2079,9,23,2.378799981670454
2080,9,19,2.5038999738171697
2081,9,23,2.360899990890175
2082,9,19,2.3270999954547733
2083,9,23,2.591600001323968
2084,9,19,2.670899993972853
2085,9,23,2.6168999902438372
2086,9,19,2.5368000206071883
2087,9,23,2.3880999942775816
2088,9,19,2.452599990647286
2089,9,23,2.4237000034190714
2090,9,19,3.2035000040195882
2091,9,23,2.675900002941489
2092,9,19,2.551599987782538
2093,9,23,2.642600011313334
2094,9,19,3.546499996446073
2095,9,23,2.9861999792046845
2096,9,19,3.3184000058099627
2097,9,23,2.7550999948289245
2098,9,19,2.5083000073209405
2099,9,23,2.7764999831561
2100,9,19,3.2140000257641077
2101,9,23,3.0166000069584697
2102,9,19,2.826200012350455
2103,9,23,3.129999997327104
2104,9,19,2.989000000525266
2105,9,23,3.2851999858394265
2106,9,19,3.7238999793771654
2107,9,23,3.475400008028373
2108,9,19,2.943800005596131
2109,9,23,3.029999992577359
2110,9,19,2.8350999928079545
2111,9,23,3.798399993684143
2112,9,19,3.3850000181701034
2113,9,23,3.337300004204735
2114,9,19,2.555299986852333
2115,9,23,3.2041000085882843
2116,9,19,3.7190999719314277
2117,9,23,3.7096999876666814
2118,9,19,3.676599997561425
2119,9,23,3.5325000062584877
2120,9,19,3.162200009683147
2121,9,23,3.898399998433888
2122,9,19,3.6675999872386456
2123,9,23,3.2171999919228256
2124,9,19,4.759999981615692
2125,9,23,3.3534999820403755
2126,9,19,2.730500011239201
2127,9,23,2.4676999892108142
2128,9,19,2.737100003287196
2129,9,23,2.365499996813014
2130,9,19,2.1807999873999506
2131,9,23,2.3714999842923135
2132,9,19,3.129599994281307
2133,9,23,2.940100006526336
2134,9,19,3.002299985382706
2135,9,23,2.735899994149804
2136,9,19,2.6442999951541424
2137,9,23,2.43580000824295
2138,9,19,2.362600003834814
2139,9,23,2.3314999998547137
2140,9,19,2.679199998965487
2141,9,23,2.8224000125192106
2142,9,19,2.830699988408014
2143,9,23,2.3908999864943326
2144,9,19,2.332200005184859
2145,9,23,2.3498000227846205
2146,9,19,2.711800014367327
2147,9,23,2.802600007271394
2148,9,19,3.0267999973148108
2149,9,23,2.904099994339049
2150,9,19,2.6582999853417277
2151,9,23,2.765000012004748
2152,9,19,2.880600019125268
2153,9,23,2.719200012506917
2154,9,19,2.7453999791759998
2155,9,23,3.1119000050239265
2156,9,19,2.5168000138364732
2157,9,23,3.8274000107776374
2158,9,19,2.98099999781698
2159,9,23,3.34989998373203
2160,9,19,3.3525999751873314
2161,9,23,3.6982000165153295
2162,9,19,3.294199996162206
2163,9,23,3.0778000073041767
2164,9,19,3.647400008048862
2165,9,23,4.0769000188447535
2166,9,19,4.2351000010967255
2167,9,23,3.5795999865513295
2168,9,19,3.860800003167242
2169,9,23,3.342400013934821
2170,9,19,3.9385999843943864
2171,9,23,3.9346999838016927
2172,9,19,3.46099998569116
2173,9,23,3.891900007147342
2174,9,19,4.885000002104789
2175,9,23,4.0809000201988965
2176,9,19,3.760200022952631
2177,9,23,4.254599974956363
2178,9,19,4.05509999836795
2179,9,23,3.811399976257235
2180,9,19,3.7477999867405742
2181,9,23,3.7757999962195754
2182,9,19,4.1108999866992235
2183,9,23,4.645600012736395
2184,9,19,3.674100007629022
2185,9,23,3.6447999882511795
2186,9,19,3.0703000084031373
2187,9,23,3.3888999896589667
2188,9,19,2.666200016392395
2189,9,23,2.4953999964054674
2190,9,19,2.4264999956358224
2191,9,23,2.4886999744921923
2192,9,19,2.506999997422099
2193,9,23,2.603800006909296
2194,9,19,2.653400006238371
2195,9,23,2.470300009008497
2196,9,19,2.556199993705377
2197,9,23,2.710600005229935
2198,9,19,2.392199996393174
2199,9,23,3.265800012741238
2200,9,19,3.148000017972663
2201,9,23,2.9280000017024577
2202,9,19,2.707899984670803
2203,9,23,2.8091999993193895
2204,9,19,2.373099996475503
2205,9,23,2.6635000249370933
2206,9,19,2.3031999880913645
2207,9,23,2.388799999607727
2208,9,19,2.7193000132683665
2209,9,23,2.505799988284707
2210,9,19,2.4653000000398606
2211,9,23,2.562000008765608
2212,9,19,2.511500002583489
2213,9,23,2.473400003509596
2214,9,19,2.589000010630116
2215,9,23,2.8423999901860952
2216,9,19,2.5898999883793294
2217,9,23,2.62690000818111
2218,9,19,2.355000004172325
2219,9,23,2.3351999989245087
2220,9,19,2.3423999955412
2221,9,23,3.1392000091727823
2222,9,19,2.766599995084107
2223,9,23,2.678599994396791
2224,9,19,2.6400999922771007
2225,9,23,3.399400011403486
2226,9,19,2.7828000020235777
2227,9,23,2.744199999142438
2228,9,19,2.7632999990601093
2229,9,23,3.7025999918114394
2230,9,19,3.946300013922155
2231,9,23,4.193899978417903
2232,9,19,2.972499991301447
2233,9,23,3.489800001261756
2234,9,19,3.9980000001378357
2235,9,23,4.157899995334446
2236,9,19,2.560799999628216
2237,9,23,3.111700003501028
2238,9,19,2.6581000129226595
2239,9,23,3.649499994935468
2240,9,19,3.1254999921657145
2241,9,23,2.670599991688505
2242,9,19,3.00470000365749
2243,9,23,3.0113999964669347
2244,9,19,2.789399994071573
2245,9,23,4.72040000022389
2246,9,19,2.764400007436052
2247,9,23,2.811899990774691
2248,9,19,2.8480000037234277
2249,9,23,2.5732000067364424
2250,9,19,4.213199979858473
2251,9,23,2.714699978241697
2252,9,19,2.5375999975949526
2253,9,23,2.59580000420101
2254,9,19,3.0669000116176903
2255,9,23,2.6683000032790005
2256,9,19,3.7493999989237636
2257,9,23,2.901400002883747
2258,9,19,2.7157999866176397
2259,9,23,2.9073999903630465
2260,9,19,2.392499998677522
2261,9,23,2.618300000904128
2262,9,19,2.761199983069673
2263,9,23,2.369699999690056
2264,9,19,2.2618999937549233
2265,9,23,2.3292000114452094
2266,9,19,2.2256999800447375
2267,9,23,2.5859999877866358
2268,9,19,2.3387999972328544
2269,9,23,2.420500008156523
2270,9,19,2.2803999891038984
2271,9,23,2.3256999847944826
2272,9,19,2.2591000015381724
2273,9,23,2.5944999943021685
2274,9,19,2.3413999879267067
2275,9,23,2.303999994182959
2276,9,19,2.1852000209037215
2277,9,23,2.28169999900274
2278,9,19,2.1240999922156334
2279,9,23,2.332800009753555
2280,9,19,2.227899996796623
2281,9,23,2.2669000027235597
2282,9,19,2.212599996710196
2283,9,23,2.2422000183723867
2284,9,19,2.162099990528077
2285,9,23,2.3760000185575336
2286,9,19,2.2422999900300056
2287,9,23,2.43719998979941
2288,9,19,2.425799990305677
2289,9,23,2.3963999992702156
2290,9,19,2.544100017985329
2291,9,23,2.5431999820284545
2292,9,19,2.503900002921
2293,9,23,2.6298000011593103
2294,9,19,2.5846000062301755
2295,9,23,2.4816000077407807
2296,9,19,2.5074000004678965
2297,9,23,3.10990001889877
2298,9,19,2.7577000146266073
2299,9,23,3.2478000211995095
2300,9,19,3.1618000066373497
2301,9,23,3.675999992992729
2302,9,19,3.302199998870492
2303,9,23,2.7734999894164503
2304,9,19,3.2894999894779176
2305,9,23,2.8938000032212585
2306,9,19,2.768799982732162
2307,9,23,3.8117000076454133
2308,9,19,2.5454999995417893
2309,9,23,2.8707000019494444
2310,9,19,3.2918000069912523
2311,9,23,2.9897000058554113
2312,9,19,3.0627000087406486
2313,9,23,3.2547999871894717
2314,9,19,2.708799991523847
2315,9,23,2.6625999889802188
2316,9,19,2.8728999895974994
2317,9,23,2.822599984938279
2318,9,19,3.5037000197917223
2319,9,23,2.823199989506975
2320,9,19,2.6774000143632293
2321,9,23,3.1959000043570995
2322,9,19,2.8018000011797994
2323,9,23,3.8342000043485314
2324,9,19,3.4269999887328595
2325,9,23,2.847499999916181
2326,9,19,3.243799990741536
2327,9,23,2.5612000026740134
2328,9,19,2.448499988531694
2329,9,23,2.926800021668896
2330,9,19,2.7350999880582094
2331,9,23,2.5525000237394124
2332,9,19,2.4904000165406615
2333,9,23,2.3994999937713146
2334,9,19,2.2302000143099576
2335,9,23,2.7791000029537827
2336,9,19,2.528299984987825
2337,9,23,2.272899990202859
2338,9,19,2.3310999968089163
2339,9,23,2.2478000028058887
2340,9,19,2.256200008559972
2341,9,23,2.1569000091403723
2342,9,19,2.588899980764836
2343,9,23,2.7295000036247075
2344,9,19,2.6251999952364713
2345,9,23,2.611500007333234
2346,9,19,2.511200000299141
2347,9,23,2.590299991425127
2348,9,19,2.7128999936394393
2349,9,23,2.6519000239204615
2350,9,19,2.4147999938577414
2351,9,23,2.7851999911945313
2352,9,19,2.363500010687858
2353,9,23,2.258099993923679
2354,9,19,2.1690000139642507
2355,9,23,2.2993000166025013
2356,9,19,2.185799996368587
2357,9,23,2.211200015153736
2358,9,19,2.1659000194631517
2359,9,23,2.25650001084432
2360,9,19,2.1653999865520746
2361,9,23,2.463500015437603
2362,9,19,2.4170999822672457
2363,9,23,2.4341999960597605
2364,9,19,2.4403000134043396
2365,9,23,2.5295000232290477
2366,9,19,2.352400013478473
2367,9,23,2.7102000021841377
2368,9,19,2.369399997405708
2369,9,23,2.4420000263489783
2370,9,19,2.3811999999452382
2371,9,23,2.435399976093322
2372,9,19,2.4062000156845897
2373,9,23,3.133899997919798
2374,9,19,3.262899990659207
2375,9,23,3.1787999905645847
2376,9,19,2.9262000171002
2377,9,23,2.7771000168286264
2378,9,19,2.9310999962035567
2379,9,23,2.5944000226445496
2380,9,19,2.9511999746318907
2381,9,23,3.290799999376759
2382,9,19,2.4975000123959035
2383,9,23,2.594399993540719
2384,9,19,2.8304999868851155
2385,9,23,3.043500008061528
2386,9,19,2.896799996960908
2387,9,23,3.6979000142309815
2388,9,19,2.6354000146966428
2389,9,23,3.126800002064556
2390,9,19,2.8845999913755804
2391,9,23,3.2974999921862036
2392,9,19,3.054500004509464
2393,9,23,3.651600010925904
2394,9,19,3.4579999919515103
2395,9,23,2.680400008102879
2396,9,19,2.4868999898899347
2397,9,23,3.507199988234788
2398,9,19,2.6907999999821186
2399,9,23,2.8006999928038567
2400,9,19,2.7757000061683357
2401,9,23,2.6664999895729125
2402,9,19,2.4822000123094767
2403,9,23,3.420099994400516
2404,9,19,2.775500004645437
2405,9,23,2.9694999975617975
2406,9,19,3.0784999835304916
2407,9,23,2.69210000988096
2408,9,19,2.969299996038899
2409,9,23,3.229299996746704
2410,9,19,2.4019000120460987
2411,9,23,2.532799990149215
2412,9,19,2.2957000182941556
2413,9,23,2.2866999788675457
2414,9,19,2.208599995356053
2415,9,23,2.6378000038675964
2416,9,19,2.661900012753904
2417,9,23,2.46679998235777
2418,9,19,2.267900010338053
2419,9,23,2.3456999915651977
2420,9,19,2.2219999809749424
2421,9,23,2.328899980057031
2422,9,19,2.2419999877456576
2423,9,23,2.3062999825924635
2424,9,19,2.297400002134964
2425,9,23,2.3215999826788902
2426,9,19,2.3013000027276576
2427,9,23,2.3166000028140843
2428,9,19,2.3178000119514763
2429,9,23,2.3811999999452382
2430,9,19,2.3527999874204397
2431,9,23,2.399899996817112
2432,9,19,2.293400000780821
2433,9,23,2.4065999896265566
2434,9,19,2.2085000236984342
2435,9,23,2.3967000015545636
2436,9,19,2.646000008098781
2437,9,23,2.6350999833084643
2438,9,19,2.450400002999231
2439,9,23,2.4794000200927258
2440,9,19,2.774599997792393
2441,9,23,2.6095999928656965
2442,9,19,2.8341999859549105
2443,9,23,2.728700026636943
2444,9,19,2.630999981192872
2445,9,23,2.4917999980971217
2446,9,19,2.3434999748133123
2447,9,23,2.3822000075597316
2448,9,19,3.233999974327162
2449,9,23,3.173900011461228
2450,9,19,3.0163000046741217
2451,9,23,3.117899992503226
2452,9,19,3.081900009419769
2453,9,23,2.9196999967098236
2454,9,19,3.4367000043857843
2455,9,23,2.7805000136140734
2456,9,19,2.8329000051598996
2457,9,23,2.928400004748255
2458,9,19,3.2447999983560294
2459,9,23,2.9393000004347414
2460,9,19,3.56480001937598
2461,9,23,2.7156000141985714
2462,9,19,2.830500015988946
2463,9,23,2.6781999913509935
2464,9,19,2.685499988729134
2465,9,23,3.1826999911572784
2466,9,19,2.6983999996446073
2467,9,23,2.555200015194714
2468,9,19,2.8223000117577612
2469,9,23,2.847999974619597
2470,9,19,3.03279998479411
2471,9,23,3.5874000168405473
2472,9,19,2.7652000135276467
2473,9,23,2.7867000026162714
2474,9,19,2.819100016495213
2475,9,23,3.270899993367493
2476,9,19,3.0833999917376786
2477,9,23,3.71879999875091
2478,9,19,2.672200003871694
2479,9,23,2.8670000028796494
2480,9,19,2.679299999726936
2481,9,23,3.228099987609312
2482,9,19,2.970000001369044
2483,9,23,3.2601999992039055
2484,9,19,2.7954999823123217
2485,9,23,2.4015000090003014
2486,9,19,2.383399987593293
2487,9,23,2.4941000156104565
2488,9,19,2.7046999894082546
2489,9,23,2.4796000216156244
2490,9,19,2.5178999931085855
2491,9,23,2.390699984971434
2492,9,19,2.2693999926559627
2493,9,23,2.6470000157132745
2494,9,19,2.65650000073947
2495,9,23,2.779200003715232
2496,9,19,2.8688000165857375
2497,9,23,2.513999992515892
2498,9,19,2.4047000042628497
2499,9,23,2.426699997158721
2500,9,19,2.277600025990978
2501,9,23,2.316800004336983
2502,9,19,2.5326000177301466
2503,9,23,2.39280000096187
2504,9,19,2.3003000242169946
2505,9,23,2.3843999952077866
2506,9,19,2.259000000776723
2507,9,23,2.394000010099262
2508,9,19,2.7046999894082546
2509,9,23,2.4843999999575317
2510,9,19,2.2475000005215406
2511,9,23,2.3515999782830477
2512,9,19,2.567800023825839
2513,9,23,2.3855000035837293
2514,9,19,2.746200014371425
2515,9,23,2.893400000175461
2516,9,19,2.4052999797277153
2517,9,23,2.457700000377372
2518,9,19,2.268100011860952
2519,9,23,2.3421999940183014
2520,9,19,2.430399996228516
2521,9,23,2.353799995034933
2522,9,19,2.179600007366389
2523,9,23,2.532299986341968
2524,9,19,2.820399997290224
2525,9,23,2.9439000063575804
2526,9,19,3.4607000125106424
2527,9,23,4.394300020067021
2528,9,19,2.671199996257201
2529,9,23,2.761999989161268
2530,9,19,2.9400000057648867
2531,9,23,2.789099991787225
2532,9,19,3.121099987765774
2533,9,23,3.5192999930586666
2534,9,19,2.500800008419901
2535,9,23,2.798000001348555
2536,9,19,3.123299975413829
2537,9,23,3.445299982558936
2538,9,19,4.064999986439943
2539,9,23,3.367099998285994
2540,9,19,3.0697000038344413
2541,9,23,3.4269000170752406
2542,9,19,3.8265000039245933
2543,9,23,3.632600011769682
2544,9,19,3.0073000234551728
2545,9,23,3.7139000196475536
2546,9,19,3.344799974001944
2547,9,23,3.953899984480813
2548,9,19,3.818400000454858
2549,9,23,3.1860999879427254
2550,9,19,3.419999993639067
2551,9,23,3.6148999934084713
2552,9,19,4.280900000594556
2553,9,23,2.5929999828804284
2554,9,19,2.9998999962117523
2555,9,23,2.9248000064399093
2556,9,19,2.502699993783608
2557,9,23,2.7880000125151128
2558,9,19,2.669300010893494
2559,9,23,2.848100004484877
2560,9,19,2.6089000166393816
2561,9,23,2.8178000065963715
2562,9,19,2.59719998575747
2563,9,23,3.129899996565655
2564,9,19,2.476800000295043
2565,9,23,2.445799997076392
2566,9,19,2.4489000206813216
2567,9,23,2.2936000023037195
2568,9,19,2.2656999935861677
2569,9,23,2.812799997627735
2570,9,19,2.8239999955985695
2571,9,23,3.0192999984137714
2572,9,19,2.4203999782912433
2573,9,23,2.3378999903798103
2574,9,19,2.2302000143099576
2575,9,23,2.4745000118855387
2576,9,19,2.876799990190193
2577,9,23,2.748200000496581
2578,9,19,2.3672999814152718
2579,9,23,2.3376999888569117
2580,9,19,2.3811999999452382
2581,9,23,2.3274000268429518
2582,9,19,2.3615000245627016
2583,9,23,2.7129999944008887
2584,9,19,2.7797000075224787
2585,9,23,2.734699985012412
2586,9,19,2.7110999799333513
2587,9,23,2.5519000191707164
2588,9,19,3.2090000167954713
2589,9,23,2.9057000065222383
2590,9,19,2.5409999943803996
2591,9,23,2.9183999868109822
2592,9,19,2.963800012366846
2593,9,23,3.4084000217262655
2594,9,19,3.225599997676909
2595,9,23,3.2962000113911927
2596,9,19,3.208099980838597
2597,9,23,2.9609999910462648
2598,9,19,3.5017000045627356
2599,9,23,3.8269999786280096
2600,9,19,2.6929999876301736
2601,9,23,3.173300006892532
2602,9,19,3.2666999904904515
2603,9,23,2.990200009662658
2604,9,19,3.7363000155892223
2605,9,23,3.989700024249032
2606,9,19,3.4829000069294125
2607,9,23,2.911499992478639
2608,9,19,3.492800024105236
2609,9,23,3.1021999893710017
2610,9,19,2.8741999994963408
2611,9,23,2.8049999964423478
2612,9,19,2.877399994758889
2613,9,23,3.132499987259507
2614,9,19,2.901600004406646
2615,9,23,3.5542999976314604
2616,9,19,2.660700003616512
2617,9,23,2.731299988226965
2618,9,19,2.712100016651675
2619,9,23,2.7111999806948006
2620,9,19,2.8224000125192106
2621,9,23,3.3836000075098127
2622,9,19,2.667799999471754
2623,9,23,3.0664999794680625
2624,9,19,3.241300000809133
2625,9,23,2.480800001649186
2626,9,19,3.015499998582527
2627,9,23,2.483599993865937
2628,9,19,2.333199983695522
2629,9,23,2.3127000022213906
2630,9,19,2.244200004497543
2631,9,23,2.2732000215910375
2632,9,19,2.1795000066049397
2633,9,23,2.520700014429167
2634,9,19,2.2473999997600913
2635,9,23,2.443600009428337
2636,9,19,2.2319999989122152
2637,9,23,2.2957999899517745
2638,9,19,2.2953000152483582
2639,9,23,2.3853000020608306
2640,9,19,2.4030999920796603
2641,9,23,2.431800006888807
2642,9,19,2.3606999893672764
2643,9,23,2.410099987173453
2644,9,19,2.2341000149026513
2645,9,23,2.3218999849632382
2646,9,19,2.199800015660003
2647,9,23,2.3446999839507043
2648,9,19,2.2713000071235
2649,9,23,2.4163000052794814
2650,9,19,2.2866999788675457
2651,9,23,2.324299974134192
2652,9,19,2.213800005847588
2653,9,23,2.328200003830716
2654,9,19,2.2913000138942152
2655,9,23,2.5809000071603805
2656,9,19,2.4375000211875886
2657,9,23,2.432400011457503
2658,9,19,2.302499982761219
2659,9,23,2.3939000093378127
2660,9,19,2.3452000168617815
2661,9,23,2.4998000008054078
2662,9,19,2.61060000048019
2663,9,23,2.4742000096011907
2664,9,19,2.368100016610697
2665,9,23,2.367999986745417
2666,9,19,2.358300000196323
2667,9,23,2.63869998161681
2668,9,19,2.8685000143013895
2669,9,23,2.82839999999851
2670,9,19,3.0079999996814877
2671,9,23,3.4296000085305423
2672,9,19,2.878500003134832
2673,9,23,3.6758999922312796
2674,9,19,2.762099989922717
2675,9,23,2.8904000064358115
2676,9,19,2.6034000038634986
2677,9,23,3.4530999837443233
2678,9,19,3.0199000029824674
2679,9,23,3.063400014070794
2680,9,19,2.74239998543635
2681,9,23,2.808999997796491
2682,9,19,2.6413000014144927
2683,9,23,2.55869998363778
2684,9,19,2.806000004056841
2685,9,23,3.723600006196648
2686,9,19,2.5849000085145235
2687,9,23,2.6371999992989004
2688,9,19,3.09960002778098
2689,9,23,2.7720999787561595
2690,9,19,3.8583999848924577
2691,9,23,3.116900013992563
2692,9,19,2.754399989498779
2693,9,23,2.807299984851852
2694,9,19,3.8844999799039215
2695,9,23,3.6962999729439616
2696,9,19,2.7446000021882355
2697,9,23,2.9924999980721623
2698,9,19,2.984699996886775
2699,9,23,3.2860999926924706
2700,9,19,3.634699998656288
2701,9,23,3.100400004768744
2702,9,19,3.0291999864857644
2703,9,23,3.1814000103622675
2704,9,19,2.906500012613833
2705,9,23,3.120000008493662
2706,9,19,3.1060999899636954
2707,9,23,2.472499996656552
2708,9,19,2.510399994207546
2709,9,23,2.658500015968457
2710,9,19,2.301400003489107
2711,9,23,2.3455000191461295
2712,9,19,2.4757999926805496
2713,9,23,2.380799996899441
2714,9,19,2.223699993919581
2715,9,23,2.5402999890502542
2716,9,19,2.3233999963849783
2717,9,23,2.3529999889433384
2718,9,19,2.3963999992702156
2719,9,23,2.376599994022399
2720,9,19,2.266700001200661
2721,9,23,2.321299980394542
2722,9,19,2.2743000008631498
2723,9,23,2.3187999904621392
2724,9,19,2.2573999885935336
2725,9,23,2.295699989190325
2726,9,19,2.341199986403808
2727,9,23,2.3533999919891357
2728,9,19,2.5812999811023474
2729,9,23,2.4831000191625208
2730,9,19,2.3754999856464565
2731,9,23,2.5357000122312456
2732,9,19,2.4618000024929643
2733,9,23,2.5375999975949526
2734,9,19,2.5341000000480562
2735,9,23,2.8288000030443072
2736,9,19,2.519600006053224
2737,9,23,2.493100007995963
2738,9,19,2.4369999882765114
2739,9,23,2.4238999758381397
2740,9,19,2.646800014190376
2741,9,23,3.039200004423037
2742,9,19,3.025300014996901
2743,9,23,2.810800011502579
2744,9,19,2.728799998294562
2745,9,23,4.3052000110037625
2746,9,19,2.7706999971996993
2747,9,23,2.670299989404157
2748,9,19,2.6882000092882663
2749,9,23,3.376900014700368
2750,9,19,3.3290999999735504
2751,9,23,2.5596999912522733
2752,9,19,2.5618000072427094
2753,9,23,2.5693000061437488
2754,9,19,2.5849000085145235
2755,9,23,2.589300012914464
2756,9,19,3.4500999900046736
2757,9,23,3.0079999996814877
2758,9,19,2.7942000015173107
2759,9,23,2.739299990935251
2760,9,19,2.6800000050570816
2761,9,23,2.921300008893013
2762,9,19,3.952600003685802
2763,9,23,2.9765999934170395
2764,9,19,2.701999997952953
2765,9,23,3.0698000045958906
2766,9,19,2.8368000057525933
2767,9,23,3.2759000023361295
2768,9,19,2.764100005151704
2769,9,23,2.665499981958419
2770,9,19,2.9526999860536307
2771,9,23,3.458799998043105
2772,9,19,2.73949999245815
2773,9,23,3.4155000175815076
2774,9,19,2.765099983662367
2775,9,23,2.742800017585978
2776,9,19,2.913699980126694
2777,9,23,2.8805000183638185
2778,9,19,2.436800015857443
2779,9,23,2.698900003451854
2780,9,19,2.3705000057816505
2781,9,23,2.4147999938577414
2782,9,19,2.3233999963849783
2783,9,23,2.386499982094392
2784,9,19,2.2914999863132834
2785,9,23,2.459999988786876
2786,9,19,2.3289000091608614
2787,9,23,2.4007000029087067
2788,9,19,2.2702999995090067
2789,9,23,2.6240999868605286
2790,9,19,2.284899994265288
2791,9,23,2.3782000062055886
2792,9,19,2.385700005106628
2793,9,23,2.330900024389848
2794,9,19,2.286000002641231
2795,9,23,2.5353000091854483
2796,9,19,2.3116999946068972
2797,9,23,2.29649999528192
2798,9,19,2.2551000001840293
2799,9,23,2.304499997990206
2800,9,19,2.240999980131164
2801,9,23,2.382000006036833
2802,9,19,2.426699997158721
2803,9,23,2.356599987251684
2804,9,19,2.317799982847646
2805,9,23,2.3614000238012522
2806,9,19,2.2942000068724155
2807,9,23,2.6812000141944736
2808,9,19,2.6122000126633793
2809,9,23,2.5759999989531934
2810,9,19,2.359600010095164
2811,9,23,2.4406999873463064
2812,9,19,2.3422999947797507
2813,9,23,2.4513000098522753
2814,9,19,2.5166999839711934
2815,9,23,2.5391999806743115
2816,9,19,2.29199999012053
2817,9,23,2.3930000024847686
2818,9,19,2.4370999890379608
2819,9,23,3.089399979216978
2820,9,19,3.130500001134351
2821,9,23,2.715200011152774
2822,9,19,2.9458999924827367
2823,9,23,2.8387999918777496
2824,9,19,2.7200999902561307
2825,9,23,3.931699990062043
2826,9,19,2.8686999867204577
2827,9,23,2.8073999856133014
2828,9,19,3.0778000073041767
2829,9,23,2.5348000053782016
2830,9,19,3.324000019347295
2831,9,23,3.2823999936226755
2832,9,19,2.5175000191666186
2833,9,23,2.539599983720109
2834,9,19,3.0162000039126724
2835,9,23,2.7316999912727624
2836,9,19,3.87740001315251
2837,9,23,3.445899987127632
2838,9,19,3.297899995232001
2839,9,23,3.593500005081296
2840,9,19,3.3614999847486615
2841,9,23,3.8862999936100096
2842,9,19,2.85950000397861
2843,9,23,2.7670999988913536
2844,9,19,3.084399999352172
2845,9,23,3.2956999784801155
2846,9,19,3.851399989798665
2847,9,23,3.1346000032499433
2848,9,19,2.572800003690645
2849,9,23,2.55279999691993
2850,9,19,3.3796000061556697
2851,9,23,3.4419000148773193
2852,9,19,3.109699988272041
2853,9,23,2.8110000130254775
2854,9,19,2.296899998327717
2855,9,23,2.6510999887250364
2856,9,19,2.3083999985828996
2857,9,23,2.5178999931085855
2858,9,19,2.570999989984557
2859,9,23,2.338999998755753
2860,9,19,2.3710000095888972
2861,9,23,2.403599995886907
2862,9,19,2.298900013556704
2863,9,23,2.3432000016327947
2864,9,19,2.3421999940183014
2865,9,23,2.4135999847203493
2866,9,19,2.2709000040777028
2867,9,23,2.343600004678592
2868,9,19,2.4030999920796603
2869,9,23,2.3114999930839986
2870,9,19,2.2638000082224607
2871,9,23,2.366400003666058
2872,9,19,2.173799992306158
2873,9,23,2.344899985473603
2874,9,19,2.1960000158287585
2875,9,23,2.513999992515892
2876,9,19,2.2268999891821295
2877,9,23,2.4033999943640083
2878,9,19,2.2825000050943345
2879,9,23,2.3351999989245087
2880,9,19,2.285700000356883
2881,9,23,2.868199982913211
2882,9,19,2.5052999844774604
2883,9,23,2.5249999889638275
2884,9,19,2.5135000178124756
2885,9,23,2.5218999944627285
2886,9,19,2.413400012301281
2887,9,23,2.686299994820729
2888,9,19,2.7002000133506954
2889,9,23,2.940400008810684
2890,9,19,2.8719000110868365
2891,9,23,3.0654000001959503
2892,9,19,2.664700004970655
2893,9,23,2.7763999823946506
2894,9,19,2.6350999833084643
2895,9,23,3.3915000094566494
2896,9,19,2.5089000118896365
2897,9,23,3.1999999773688614
2898,9,19,2.5693999778013676
2899,9,23,2.5863000191748142
2900,9,19,2.666800020961091
2901,9,23,2.869699994334951
2902,9,19,3.454499994404614
2903,9,23,3.7084000068716705
2904,9,19,3.2310999813489616
2905,9,23,2.8273999923840165
2906,9,19,2.6077000075019896
2907,9,23,2.5827000208664685
2908,9,19,3.48919999669306
2909,9,23,2.768100006505847
2910,9,19,2.608100010547787
2911,9,23,2.8460999892558903
2912,9,19,3.0218999891076237
2913,9,23,2.9264999902807176
2914,9,19,3.4545999951660633
2915,9,23,2.540199988288805
2916,9,19,2.7028000040445477
2917,9,23,2.664400002686307
2918,9,19,3.15140001475811
2919,9,23,3.2734000124037266
2920,9,19,3.1063999922480434
2921,9,23,2.850299992132932
2922,9,19,2.3929000017233193
2923,9,23,2.763999975286424
2924,9,19,3.2623999868519604
2925,9,23,3.457500017248094
2926,9,19,2.8615999908652157
2927,9,23,3.3020999981090426
2928,9,19,2.4773999757599086
2929,9,23,2.635200013173744
2930,9,19,2.458300004946068
2931,9,23,2.9400999774225056
2932,9,19,2.3437000054400414
2933,9,23,2.339600003324449
2934,9,19,2.2779999999329448
2935,9,23,2.4225999950431287
2936,9,19,2.2947000106796622
2937,9,23,2.406600018730387
2938,9,19,2.6262000028509647
2939,9,23,2.4651999992784113
2940,9,19,2.285800001118332
2941,9,23,2.327900001546368
2942,9,19,2.4317000061273575
2943,9,23,2.234600018709898
2944,9,19,2.21350000356324
2945,9,23,2.3384999949485064
2946,9,19,2.3233999963849783
2947,9,23,2.323299995623529
2948,9,19,2.5215000205207616
2949,9,23,2.4987999931909144
2950,9,19,2.2831000096630305
2951,9,23,2.2564999817404896
2952,9,19,2.2929999977350235
2953,9,23,2.33499999740161
2954,9,19,2.538999979151413
2955,9,23,2.4599000171292573
2956,9,19,2.4803999986033887
2957,9,23,2.45060000452213
2958,9,19,2.4645999947097152
2959,9,23,2.369600028032437
2960,9,19,2.365199994528666
2961,9,23,2.560499997343868
2962,9,19,2.313400007551536
2963,9,23,2.493900014087558
2964,9,19,2.4778000079095364
2965,9,23,2.498999994713813
2966,9,19,2.3916000209283084
2967,9,23,2.653000003192574
2968,9,19,2.9141000122763216
2969,9,23,2.942599996458739
2970,9,19,3.0638000171165913
2971,9,23,3.2631000212859362
2972,9,19,2.7817999944090843
2973,9,23,2.7574000123422593
2974,9,19,2.736199996434152
2975,9,23,2.823799994075671
2976,9,19,3.1257999944500625
2977,9,23,3.6888000031467527
2978,9,19,3.120900015346706
2979,9,23,3.236099990317598
2980,9,19,2.6427000120747834
2981,9,23,2.682299993466586
2982,9,19,4.501400020672008
2983,9,23,2.8815999976359308
2984,9,19,2.9771999979857355
2985,9,23,2.9510000022128224
2986,9,19,2.6888000138569623
2987,9,23,3.2427000114694238
2988,9,19,2.6476999919395894
2989,9,23,2.6073000044561923
2990,9,19,2.4164000060409307
2991,9,23,2.945999993244186
2992,9,19,2.685799991013482
2993,9,23,3.4642999817151576
2994,9,19,2.497400011634454
2995,9,23,2.449199993861839
2996,9,19,2.646600012667477
2997,9,23,2.718300005653873
2998,9,19,3.178599989041686
2999,9,23,3.166500013321638
3000,9,19,2.7282999944873154
